customer_id,last_purchase,frequency,monetary,recency,R_score,F_score,M_score,RFM_score,segment
1,2025-10-15,11,71313.67,78,2,3,3,8,Potential
2,2025-09-11,9,57877.97,112,2,2,2,6,At Risk
3,2025-12-31,7,40468.1,1,5,1,1,7,Potential
4,2025-11-20,9,73867.47,42,3,2,4,9,Potential
5,2025-12-27,4,30502.65,5,5,1,1,7,Potential
6,2025-08-10,10,62030.25,144,1,3,3,7,Potential
7,2025-08-26,13,71293.73,128,1,4,3,8,Potential
8,2025-09-28,8,38613.96,95,2,2,1,5,At Risk
9,2025-05-20,9,44375.48,226,1,2,1,4,At Risk
10,2025-12-19,11,63087.76,13,5,3,3,11,Loyal
11,2025-11-06,8,57598.09,56,3,2,2,7,Potential
12,2025-11-07,13,91016.08,55,3,4,5,12,Loyal
13,2025-12-24,13,70716.62,8,5,4,3,12,Loyal
14,2025-11-27,10,72296.06,35,4,3,3,10,Loyal
15,2025-09-01,6,32789.83,122,1,1,1,3,At Risk
16,2025-08-29,10,75419.47,125,1,3,4,8,Potential
17,2025-05-02,12,95247.93,244,1,4,5,10,Loyal
18,2025-11-07,8,62013.41,55,3,2,3,8,Potential
19,2025-12-21,13,82350.53,11,5,4,4,13,High Value
20,2025-10-08,9,47496.58,85,2,2,2,6,At Risk
21,2025-12-04,9,50389.49,28,4,2,2,8,Potential
22,2025-09-02,12,92100.98,121,1,4,5,10,Loyal
23,2025-11-20,9,70187.21,42,3,2,3,8,Potential
24,2025-12-01,7,49156.68,31,4,1,2,7,Potential
25,2025-11-15,14,74962.13,47,3,5,4,12,Loyal
26,2025-11-08,10,63363.22,54,3,3,3,9,Potential
27,2025-07-18,7,54980.28,167,1,1,2,4,At Risk
28,2025-11-22,7,59822.42,40,4,1,2,7,Potential
29,2025-07-14,11,88278.35,171,1,3,4,8,Potential
30,2025-07-21,6,47237.3,164,1,1,2,4,At Risk
31,2025-12-23,11,81797.5,9,5,3,4,12,Loyal
32,2025-10-18,7,61790.34,75,2,1,3,6,At Risk
33,2025-06-22,6,41185.53,193,1,1,1,3,At Risk
34,2025-10-22,3,25393.26,71,3,1,1,5,At Risk
35,2025-12-19,5,20051.15,13,5,1,1,7,Potential
36,2025-08-01,3,22618.47,153,1,1,1,3,At Risk
37,2025-11-01,5,16487.72,61,3,1,1,5,At Risk
38,2025-09-07,9,43503.54,116,2,2,1,5,At Risk
39,2025-12-16,14,115843.91,16,5,5,5,15,High Value
40,2025-10-31,7,51415.16,62,3,1,2,6,At Risk
41,2025-10-19,8,45409.6,74,2,2,1,5,At Risk
42,2025-12-07,12,72981.79,25,4,4,3,11,Loyal
43,2025-10-23,10,55596.3,70,3,3,2,8,Potential
44,2025-11-22,11,79771.34,40,4,3,4,11,Loyal
45,2025-11-13,8,41268.25,49,3,2,1,6,At Risk
46,2025-11-10,9,51816.11,52,3,2,2,7,Potential
47,2025-12-10,13,116450.86,22,4,4,5,13,High Value
48,2025-11-27,8,77721.38,35,4,2,4,10,Loyal
49,2025-12-23,10,57881.18,9,5,3,2,10,Loyal
50,2025-07-16,7,65788.33,169,1,1,3,5,At Risk
51,2025-11-16,9,95403.22,46,3,2,5,10,Loyal
52,2025-11-01,13,71562.56,61,3,4,3,10,Loyal
53,2025-07-12,9,78842.35,173,1,2,4,7,Potential
54,2025-09-28,9,40464.43,95,2,2,1,5,At Risk
55,2025-07-25,5,19790.82,160,1,1,1,3,At Risk
56,2025-12-06,16,83168.8,26,4,5,4,13,High Value
57,2025-10-19,12,72544.22,74,2,4,3,9,Potential
58,2025-08-03,13,84947.01,151,1,4,4,9,Potential
59,2025-11-02,15,134089.55,60,3,5,5,13,High Value
60,2025-11-09,8,80637.6,53,3,2,4,9,Potential
61,2025-07-05,7,57668.65,180,1,1,2,4,At Risk
62,2025-09-06,8,33977.63,117,2,2,1,5,At Risk
63,2025-11-29,7,22695.72,33,4,1,1,6,At Risk
64,2025-09-20,9,53109.33,103,2,2,2,6,At Risk
65,2025-12-29,13,87007.03,3,5,4,4,13,High Value
66,2025-12-15,9,53692.58,17,5,2,2,9,Potential
67,2025-11-20,9,76606.5,42,3,2,4,9,Potential
68,2025-11-25,10,88386.09,37,4,3,4,11,Loyal
69,2025-12-12,17,128614.86,20,4,5,5,14,High Value
70,2025-08-22,11,73134.28,132,1,3,3,7,Potential
71,2025-10-09,12,92389.89,84,2,4,5,11,Loyal
72,2025-10-14,12,55795.06,79,2,4,2,8,Potential
73,2025-11-25,20,127405.7,37,4,5,5,14,High Value
74,2025-12-02,12,90196.71,30,4,4,5,13,High Value
75,2025-08-10,10,54784.91,144,1,3,2,6,At Risk
76,2025-12-31,14,91585.25,1,5,5,5,15,High Value
77,2025-11-07,10,68522.58,55,3,3,3,9,Potential
78,2025-10-15,7,39217.12,78,2,1,1,4,At Risk
79,2025-12-04,15,85315.16,28,4,5,4,13,High Value
80,2025-10-12,8,60548.2,81,2,2,3,7,Potential
81,2025-08-27,6,43834.79,127,1,1,1,3,At Risk
82,2025-12-22,15,143890.33,10,5,5,5,15,High Value
83,2025-09-08,9,55825.27,115,2,2,2,6,At Risk
84,2025-09-09,12,88515.03,114,2,4,4,10,Loyal
85,2025-10-16,11,68914.91,77,2,3,3,8,Potential
86,2025-09-28,11,92381.86,95,2,3,5,10,Loyal
87,2025-11-30,10,51219.23,32,4,3,2,9,Potential
88,2025-10-03,13,103452.32,90,2,4,5,11,Loyal
89,2025-08-02,7,55221.24,152,1,1,2,4,At Risk
90,2025-11-15,14,113124.03,47,3,5,5,13,High Value
91,2025-12-20,8,53098.57,12,5,2,2,9,Potential
92,2025-07-21,11,84667.98,164,1,3,4,8,Potential
93,2025-10-08,14,119333.73,85,2,5,5,12,Loyal
94,2025-04-09,6,53542.31,267,1,1,2,4,At Risk
95,2025-12-30,7,33564.25,2,5,1,1,7,Potential
96,2025-12-12,10,76445.44,20,4,3,4,11,Loyal
97,2025-12-15,9,97931.59,17,5,2,5,12,Loyal
98,2025-11-21,6,55784.25,41,3,1,2,6,At Risk
99,2025-07-14,10,84028.59,171,1,3,4,8,Potential
100,2025-12-06,7,44019.15,26,4,1,1,6,At Risk
101,2025-10-05,15,87966.22,88,2,5,4,11,Loyal
102,2025-10-31,5,47067.32,62,3,1,2,6,At Risk
103,2025-10-30,11,82148.03,63,3,3,4,10,Loyal
104,2025-12-03,13,74291.32,29,4,4,4,12,Loyal
105,2025-11-05,12,96721.88,57,3,4,5,12,Loyal
106,2025-10-25,16,103410.57,68,3,5,5,13,High Value
107,2025-09-16,7,48634.9,107,2,1,2,5,At Risk
108,2025-10-23,8,39798.4,70,3,2,1,6,At Risk
109,2025-12-28,14,64793.73,4,5,5,3,13,High Value
110,2025-10-20,9,73693.46,73,2,2,4,8,Potential
111,2025-08-03,12,113156.03,151,1,4,5,10,Loyal
112,2025-11-09,17,130023.28,53,3,5,5,13,High Value
113,2025-12-27,11,86933.33,5,5,3,4,12,Loyal
114,2025-03-27,13,100779.44,280,1,4,5,10,Loyal
115,2025-09-21,11,73036.71,102,2,3,3,8,Potential
116,2025-09-06,9,56182.9,117,2,2,2,6,At Risk
117,2025-12-25,9,63576.55,7,5,2,3,10,Loyal
118,2025-12-05,13,97179.62,27,4,4,5,13,High Value
119,2025-09-23,5,21067.26,100,2,1,1,4,At Risk
120,2025-10-28,6,35702.54,65,3,1,1,5,At Risk
121,2025-10-14,9,40820.24,79,2,2,1,5,At Risk
122,2025-08-26,9,43978.39,128,1,2,1,4,At Risk
123,2025-10-31,14,103030.18,62,3,5,5,13,High Value
124,2025-11-21,5,48629.62,41,3,1,2,6,At Risk
125,2025-08-10,11,75584.28,144,1,3,4,8,Potential
126,2025-08-14,10,89018.16,140,1,3,4,8,Potential
127,2025-12-23,8,40303.77,9,5,2,1,8,Potential
128,2025-12-16,14,82623.77,16,5,5,4,14,High Value
129,2025-12-14,14,65824.88,18,5,5,3,13,High Value
130,2025-10-23,16,68809.89,70,3,5,3,11,Loyal
131,2025-08-20,6,58186.66,134,1,1,2,4,At Risk
132,2025-11-08,11,73546.47,54,3,3,3,9,Potential
133,2025-10-31,9,57187.82,62,3,2,2,7,Potential
134,2025-09-10,10,69673.52,113,2,3,3,8,Potential
135,2025-07-24,8,62821.47,161,1,2,3,6,At Risk
136,2025-09-10,7,58814.28,113,2,1,2,5,At Risk
137,2025-03-27,11,69056.33,280,1,3,3,7,Potential
138,2025-11-29,11,73061.73,33,4,3,3,10,Loyal
139,2025-06-19,13,72669.95,196,1,4,3,8,Potential
140,2025-11-25,9,59977.74,37,4,2,2,8,Potential
141,2025-11-05,15,77019.91,57,3,5,4,12,Loyal
142,2025-03-05,3,11073.03,302,1,1,1,3,At Risk
143,2025-11-07,8,52279.35,55,3,2,2,7,Potential
144,2025-11-28,16,91824.44,34,4,5,5,14,High Value
145,2025-10-12,7,53041.25,81,2,1,2,5,At Risk
146,2025-10-15,14,110292.69,78,2,5,5,12,Loyal
147,2025-12-19,14,89817.61,13,5,5,4,14,High Value
148,2025-07-20,8,45787.64,165,1,2,1,4,At Risk
149,2025-09-11,9,89362.98,112,2,2,4,8,Potential
150,2025-12-27,8,64728.34,5,5,2,3,10,Loyal
151,2025-11-08,6,32096.52,54,3,1,1,5,At Risk
152,2025-12-28,8,46452.09,4,5,2,2,9,Potential
153,2025-11-19,8,41808.87,43,3,2,1,6,At Risk
154,2025-12-14,13,105156.08,18,4,4,5,13,High Value
155,2025-12-27,12,71305.11,5,5,4,3,12,Loyal
156,2025-10-13,11,61561.0,80,2,3,3,8,Potential
157,2025-09-25,7,73222.7,98,2,1,3,6,At Risk
158,2025-12-10,11,47903.59,22,4,3,2,9,Potential
159,2025-06-24,5,47376.62,191,1,1,2,4,At Risk
160,2025-10-03,4,39978.24,90,2,1,1,4,At Risk
161,2025-08-21,12,82744.58,133,1,4,4,9,Potential
162,2025-12-12,9,67478.43,20,4,2,3,9,Potential
163,2025-12-28,10,58323.24,4,5,3,2,10,Loyal
164,2025-10-31,15,107031.63,62,3,5,5,13,High Value
165,2025-09-01,9,60672.03,122,1,2,3,6,At Risk
166,2025-12-30,18,142660.91,2,5,5,5,15,High Value
167,2025-09-15,8,56309.7,108,2,2,2,6,At Risk
168,2025-08-04,9,43623.22,150,1,2,1,4,At Risk
169,2025-11-20,11,82064.01,42,3,3,4,10,Loyal
170,2025-10-25,8,76638.6,68,3,2,4,9,Potential
171,2025-12-19,17,114764.4,13,5,5,5,15,High Value
172,2025-11-26,7,49382.49,36,4,1,2,7,Potential
173,2025-12-18,9,77120.08,14,5,2,4,11,Loyal
174,2025-12-24,4,38456.52,8,5,1,1,7,Potential
175,2025-12-08,9,41920.8,24,4,2,1,7,Potential
176,2025-10-16,8,75392.78,77,2,2,4,8,Potential
177,2025-11-26,11,58587.76,36,4,3,2,9,Potential
178,2025-10-08,9,85788.51,85,2,2,4,8,Potential
179,2025-11-13,12,94496.28,49,3,4,5,12,Loyal
180,2025-09-18,10,69447.39,105,2,3,3,8,Potential
181,2025-08-11,14,67380.38,143,1,5,3,9,Potential
182,2025-07-22,11,90406.12,163,1,4,5,10,Loyal
183,2025-10-29,9,64547.33,64,3,2,3,8,Potential
184,2025-07-26,10,68099.68,159,1,3,3,7,Potential
185,2025-12-25,7,34130.81,7,5,1,1,7,Potential
186,2025-12-21,10,83388.21,11,5,3,4,12,Loyal
187,2025-12-18,15,101376.66,14,5,5,5,15,High Value
188,2025-11-24,13,57331.87,38,4,5,2,11,Loyal
189,2025-09-15,15,113752.24,108,2,5,5,12,Loyal
190,2025-07-02,6,34876.74,183,1,1,1,3,At Risk
191,2025-09-20,12,79723.14,103,2,4,4,10,Loyal
192,2025-11-16,16,79751.01,46,3,5,4,12,Loyal
193,2025-09-25,11,94102.46,98,2,4,5,11,Loyal
194,2025-12-05,8,77749.81,27,4,2,4,10,Loyal
195,2025-08-26,13,97401.56,128,1,5,5,11,Loyal
196,2025-12-15,7,51889.55,17,5,1,2,8,Potential
197,2025-12-26,11,98507.83,6,5,4,5,14,High Value
198,2025-10-12,9,60645.45,81,2,2,3,7,Potential
199,2025-12-17,10,55467.97,15,5,3,2,10,Loyal
200,2025-10-29,10,82922.27,64,3,3,4,10,Loyal
201,2025-09-23,10,71980.52,100,2,3,3,8,Potential
202,2025-08-16,8,49892.86,138,1,2,2,5,At Risk
203,2025-07-16,9,52494.78,169,1,2,2,5,At Risk
204,2025-12-19,13,133754.92,13,5,5,5,15,High Value
205,2025-12-23,10,68244.03,9,5,3,3,11,Loyal
206,2025-12-17,11,108369.05,15,5,4,5,14,High Value
207,2025-09-15,16,105036.51,108,2,5,5,12,Loyal
208,2025-10-11,12,71164.77,82,2,4,3,9,Potential
209,2025-12-25,11,66660.41,7,5,4,3,12,Loyal
210,2025-11-30,12,65200.02,32,4,4,3,11,Loyal
211,2025-07-28,16,83346.66,157,1,5,4,10,Loyal
212,2025-12-04,10,70592.44,28,4,3,3,10,Loyal
213,2025-12-31,9,34880.16,1,5,2,1,8,Potential
214,2025-11-25,14,61448.82,37,4,5,3,12,Loyal
215,2025-12-01,14,103678.46,31,4,5,5,14,High Value
216,2025-08-21,9,79269.42,133,1,2,4,7,Potential
217,2025-12-06,10,63213.55,26,4,3,3,10,Loyal
218,2025-09-13,11,65208.0,110,2,4,3,9,Potential
219,2025-12-13,8,60407.07,19,4,2,3,9,Potential
220,2025-12-31,7,36874.93,1,5,1,1,7,Potential
221,2025-05-12,13,100526.57,234,1,5,5,11,Loyal
222,2025-07-17,9,86313.4,168,1,2,4,7,Potential
223,2025-10-12,6,53919.32,81,2,1,2,5,At Risk
224,2025-09-10,7,49489.68,113,2,1,2,5,At Risk
225,2025-11-06,11,68319.05,56,3,4,3,10,Loyal
226,2025-12-18,13,93404.17,14,5,5,5,15,High Value
227,2025-12-21,7,46041.48,11,5,1,1,7,Potential
228,2025-04-27,8,55051.26,249,1,2,2,5,At Risk
229,2025-11-26,16,95850.95,36,4,5,5,14,High Value
230,2025-10-12,11,99694.4,81,2,4,5,11,Loyal
231,2025-09-14,6,30133.68,109,2,1,1,4,At Risk
232,2025-11-20,13,96319.75,42,3,5,5,13,High Value
233,2025-12-24,9,71556.25,8,5,2,3,10,Loyal
234,2025-09-30,8,51033.97,93,2,2,2,6,At Risk
235,2025-12-15,12,82509.9,17,5,4,4,13,High Value
236,2025-11-23,11,80886.92,39,4,4,4,12,Loyal
237,2025-12-20,20,190233.9,12,5,5,5,15,High Value
238,2025-12-03,8,54874.11,29,4,2,2,8,Potential
239,2025-11-10,14,94823.6,52,3,5,5,13,High Value
240,2025-11-15,7,50945.39,47,3,1,2,6,At Risk
241,2025-10-20,6,44487.63,73,2,1,1,4,At Risk
242,2025-09-04,5,51191.17,119,1,1,2,4,At Risk
243,2025-11-06,5,29410.21,56,3,1,1,5,At Risk
244,2025-08-25,6,52286.85,129,1,1,2,4,At Risk
245,2025-09-24,9,57238.89,99,2,2,2,6,At Risk
246,2025-11-21,12,89098.54,41,3,4,4,11,Loyal
247,2025-12-21,14,93048.45,11,5,5,5,15,High Value
248,2025-12-18,10,63625.04,14,5,3,3,11,Loyal
249,2025-08-02,9,75429.49,152,1,2,4,7,Potential
250,2025-12-23,6,33168.13,9,5,1,1,7,Potential
251,2025-10-31,8,33673.45,62,3,2,1,6,At Risk
252,2025-10-29,4,41007.75,64,3,1,1,5,At Risk
253,2025-12-31,16,103887.51,1,5,5,5,15,High Value
254,2025-12-16,6,38275.75,16,5,1,1,7,Potential
255,2025-11-19,14,93852.56,43,3,5,5,13,High Value
256,2025-09-08,9,73570.77,115,2,2,3,7,Potential
257,2025-11-22,10,58843.67,40,4,3,2,9,Potential
258,2025-12-21,10,40991.0,11,5,3,1,9,Potential
259,2025-09-03,8,66829.24,120,1,2,3,6,At Risk
260,2025-10-23,10,83168.02,70,3,3,4,10,Loyal
261,2025-07-04,7,53489.2,181,1,1,2,4,At Risk
262,2025-12-15,8,57962.99,17,5,2,2,9,Potential
263,2025-08-07,2,15960.2,147,1,1,1,3,At Risk
264,2025-10-26,7,71069.89,67,3,1,3,7,Potential
265,2025-12-24,10,75276.38,8,5,3,4,12,Loyal
266,2025-12-18,10,70449.04,14,5,3,3,11,Loyal
267,2025-12-20,9,91923.5,12,5,2,5,12,Loyal
268,2025-08-28,12,104343.04,126,1,4,5,10,Loyal
269,2025-11-10,11,96079.1,52,3,4,5,12,Loyal
270,2025-11-07,14,117999.8,55,3,5,5,13,High Value
271,2025-10-14,19,116874.31,79,2,5,5,12,Loyal
272,2025-02-26,5,48188.16,309,1,1,2,4,At Risk
273,2025-08-22,15,87318.66,132,1,5,4,10,Loyal
274,2025-12-13,8,57961.99,19,4,2,2,8,Potential
275,2025-11-29,11,65940.04,33,4,4,3,11,Loyal
276,2025-11-13,14,84283.27,49,3,5,4,12,Loyal
277,2025-11-08,6,32016.41,54,3,1,1,5,At Risk
278,2025-09-15,14,106819.05,108,2,5,5,12,Loyal
279,2025-11-24,10,89182.64,38,4,3,4,11,Loyal
280,2025-09-10,6,27746.89,113,2,1,1,4,At Risk
281,2025-12-23,10,61043.93,9,5,3,3,11,Loyal
282,2025-08-18,10,58988.51,136,1,3,2,6,At Risk
283,2025-12-25,18,139354.19,7,5,5,5,15,High Value
284,2025-09-30,9,56541.09,93,2,2,2,6,At Risk
285,2025-11-23,9,68166.58,39,4,2,3,9,Potential
286,2025-08-11,7,56330.13,143,1,1,2,4,At Risk
287,2025-09-23,9,51807.48,100,2,2,2,6,At Risk
288,2025-10-08,12,89426.0,85,2,4,4,10,Loyal
289,2025-12-20,13,82401.36,12,5,5,4,14,High Value
290,2025-10-08,6,37835.42,85,2,1,1,4,At Risk
291,2025-12-20,8,81757.67,12,5,2,4,11,Loyal
292,2025-08-25,10,88338.1,129,1,3,4,8,Potential
293,2025-12-01,10,55911.52,31,4,3,2,9,Potential
294,2025-08-05,10,81190.23,149,1,3,4,8,Potential
295,2025-08-29,8,74229.01,125,1,2,4,7,Potential
296,2025-11-20,13,71805.08,42,3,5,3,11,Loyal
297,2025-07-24,8,65022.14,161,1,2,3,6,At Risk
298,2025-10-17,8,38365.66,76,2,2,1,5,At Risk
299,2025-12-24,11,107630.39,8,5,4,5,14,High Value
300,2025-07-30,8,59276.44,155,1,2,2,5,At Risk
301,2025-07-11,3,35466.2,174,1,1,1,3,At Risk
302,2025-12-18,11,74438.0,14,5,4,4,13,High Value
303,2025-12-23,9,80040.66,9,5,2,4,11,Loyal
304,2025-06-19,7,51955.17,196,1,1,2,4,At Risk
305,2025-03-12,5,28015.56,295,1,1,1,3,At Risk
306,2025-10-19,11,70543.45,74,2,4,3,9,Potential
307,2025-12-14,10,85617.6,18,4,3,4,11,Loyal
308,2025-10-30,9,65591.0,63,3,2,3,8,Potential
309,2025-09-29,9,72484.81,94,2,2,3,7,Potential
310,2025-11-03,11,83287.51,59,3,4,4,11,Loyal
311,2025-11-02,11,78231.11,60,3,4,4,11,Loyal
312,2025-12-26,4,40969.02,6,5,1,1,7,Potential
313,2025-08-24,11,63688.3,130,1,4,3,8,Potential
314,2025-09-27,13,103064.35,96,2,5,5,12,Loyal
315,2025-11-09,11,74857.58,53,3,4,4,11,Loyal
316,2025-11-21,6,43437.53,41,3,1,1,5,At Risk
317,2025-12-15,16,88487.38,17,5,5,4,14,High Value
318,2025-02-11,10,62242.92,324,1,3,3,7,Potential
319,2025-10-17,4,27573.11,76,2,1,1,4,At Risk
320,2025-09-28,9,58502.71,95,2,2,2,6,At Risk
321,2025-11-14,10,104067.76,48,3,3,5,11,Loyal
322,2025-12-19,6,52026.71,13,5,1,2,8,Potential
323,2025-10-29,10,41276.33,64,3,3,1,7,Potential
324,2025-08-10,9,56538.54,144,1,2,2,5,At Risk
325,2025-12-21,14,83659.21,11,5,5,4,14,High Value
326,2025-10-17,13,85392.46,76,2,5,4,11,Loyal
327,2025-12-12,14,86050.94,20,4,5,4,13,High Value
328,2025-12-25,9,65852.95,7,5,2,3,10,Loyal
329,2025-09-05,8,62051.85,118,1,2,3,6,At Risk
330,2025-11-23,13,73087.96,39,4,5,3,12,Loyal
331,2025-11-04,12,81694.47,58,3,4,4,11,Loyal
332,2025-11-26,7,43768.7,36,4,1,1,6,At Risk
333,2025-12-19,14,120033.03,13,5,5,5,15,High Value
334,2025-11-03,12,83770.01,59,3,4,4,11,Loyal
335,2025-09-23,11,62036.96,100,2,4,3,9,Potential
336,2025-06-28,14,78735.88,187,1,5,4,10,Loyal
337,2025-12-21,11,77075.66,11,5,4,4,13,High Value
338,2025-10-19,13,90115.88,74,2,5,5,12,Loyal
339,2025-08-28,13,74600.5,126,1,5,4,10,Loyal
340,2025-12-07,12,96275.29,25,4,4,5,13,High Value
341,2025-11-30,7,43057.35,32,4,1,1,6,At Risk
342,2025-12-14,7,51596.84,18,4,1,2,7,Potential
343,2025-12-06,11,72089.21,26,4,4,3,11,Loyal
344,2025-07-23,9,73821.87,162,1,2,4,7,Potential
345,2025-07-12,13,101769.85,173,1,5,5,11,Loyal
346,2025-07-28,3,18203.45,157,1,1,1,3,At Risk
347,2025-08-14,4,40394.21,140,1,1,1,3,At Risk
348,2025-09-25,8,35139.68,98,2,2,1,5,At Risk
349,2025-07-03,9,94698.55,182,1,2,5,8,Potential
350,2025-11-07,5,35952.79,55,3,1,1,5,At Risk
351,2025-06-30,7,55247.32,185,1,1,2,4,At Risk
352,2025-11-25,9,68575.7,37,4,2,3,9,Potential
353,2025-10-05,7,36439.64,88,2,1,1,4,At Risk
354,2025-11-28,8,41648.81,34,4,2,1,7,Potential
355,2025-12-19,14,84550.12,13,5,5,4,14,High Value
356,2025-12-06,12,82609.28,26,4,4,4,12,Loyal
357,2025-07-10,10,77695.96,175,1,3,4,8,Potential
358,2025-09-09,6,27422.82,114,2,1,1,4,At Risk
359,2025-12-03,10,50925.18,29,4,3,2,9,Potential
360,2025-11-01,4,22270.86,61,3,1,1,5,At Risk
361,2025-10-21,5,51549.58,72,2,1,2,5,At Risk
362,2025-12-22,7,52532.81,10,5,1,2,8,Potential
363,2025-12-26,10,67275.92,6,5,3,3,11,Loyal
364,2025-12-06,14,77660.97,26,4,5,4,13,High Value
365,2025-12-09,11,62499.89,23,4,4,3,11,Loyal
366,2025-09-07,10,79744.88,116,2,3,4,9,Potential
367,2025-12-14,15,108339.33,18,4,5,5,14,High Value
368,2025-12-22,15,123627.01,10,5,5,5,15,High Value
369,2025-11-27,13,60489.21,35,4,5,3,12,Loyal
370,2025-07-27,4,26010.37,158,1,1,1,3,At Risk
371,2025-12-14,13,83368.86,18,4,5,4,13,High Value
372,2025-07-27,9,76417.88,158,1,2,4,7,Potential
373,2025-08-10,7,61114.56,144,1,1,3,5,At Risk
374,2025-03-17,6,44022.7,290,1,1,1,3,At Risk
375,2025-12-12,11,98702.4,20,4,4,5,13,High Value
376,2025-09-15,14,94488.2,108,2,5,5,12,Loyal
377,2025-10-17,7,26591.68,76,2,1,1,4,At Risk
378,2025-11-19,8,29697.56,43,3,2,1,6,At Risk
379,2025-11-29,12,89058.01,33,4,4,4,12,Loyal
380,2025-12-08,10,43882.61,24,4,3,1,8,Potential
381,2025-11-02,15,126424.49,60,3,5,5,13,High Value
382,2025-06-08,13,74054.96,207,1,5,4,10,Loyal
383,2025-08-23,12,94953.47,131,1,4,5,10,Loyal
384,2025-12-31,15,114926.64,1,5,5,5,15,High Value
385,2025-07-05,5,39916.01,180,1,1,1,3,At Risk
386,2025-12-29,8,72015.71,3,5,2,3,10,Loyal
387,2025-12-29,20,153380.4,3,5,5,5,15,High Value
388,2025-12-28,11,48724.15,4,5,4,2,11,Loyal
389,2025-10-16,9,58671.24,77,2,2,2,6,At Risk
390,2025-09-30,11,119905.22,93,2,4,5,11,Loyal
391,2025-09-25,8,39878.06,98,2,2,1,5,At Risk
392,2025-07-23,8,38836.29,162,1,2,1,4,At Risk
393,2025-09-17,11,75488.95,106,2,4,4,10,Loyal
394,2025-10-27,8,56606.53,66,3,2,2,7,Potential
395,2025-09-30,6,54024.69,93,2,1,2,5,At Risk
396,2025-11-25,15,96665.94,37,4,5,5,14,High Value
397,2024-11-02,6,42057.87,425,1,1,1,3,At Risk
398,2025-11-22,5,32193.07,40,4,1,1,6,At Risk
399,2025-11-10,6,43030.3,52,3,1,1,5,At Risk
400,2025-12-05,8,60320.73,27,4,2,3,9,Potential
401,2025-12-27,11,76514.13,5,5,4,4,13,High Value
402,2025-11-07,10,59664.98,55,3,3,2,8,Potential
403,2025-12-10,10,60499.94,22,4,3,3,10,Loyal
404,2025-12-12,9,60494.15,20,4,2,3,9,Potential
405,2025-12-14,11,42405.94,18,4,4,1,9,Potential
406,2025-04-13,5,27038.57,263,1,1,1,3,At Risk
407,2025-11-09,6,30833.35,53,3,1,1,5,At Risk
408,2025-12-08,5,22688.34,24,4,1,1,6,At Risk
409,2025-11-22,8,58066.29,40,4,2,2,8,Potential
410,2025-12-29,8,47275.24,3,5,2,2,9,Potential
411,2025-10-03,7,28328.02,90,2,1,1,4,At Risk
412,2025-12-26,11,35689.25,6,5,4,1,10,Loyal
413,2025-08-03,10,81961.89,151,1,3,4,8,Potential
414,2025-11-23,10,71781.32,39,4,3,3,10,Loyal
415,2025-12-02,14,114094.93,30,4,5,5,14,High Value
416,2025-11-04,13,78941.99,58,3,5,4,12,Loyal
417,2025-12-06,10,47111.37,26,4,3,2,9,Potential
418,2025-12-06,5,33622.55,26,4,1,1,6,At Risk
419,2025-04-29,9,71895.74,247,1,2,3,6,At Risk
420,2025-12-22,16,96508.59,10,5,5,5,15,High Value
421,2025-07-05,12,82782.1,180,1,4,4,9,Potential
422,2025-10-01,12,90125.02,92,2,4,5,11,Loyal
423,2025-10-18,8,60089.19,75,2,2,2,6,At Risk
424,2025-10-18,7,70376.55,75,2,1,3,6,At Risk
425,2025-12-02,12,86656.7,30,4,4,4,12,Loyal
426,2025-11-20,11,88988.73,42,3,4,4,11,Loyal
427,2025-11-19,12,62640.49,43,3,4,3,10,Loyal
428,2025-11-21,11,66849.01,41,3,4,3,10,Loyal
429,2025-08-31,13,52766.9,123,1,5,2,8,Potential
430,2025-08-10,2,2005.44,144,1,1,1,3,At Risk
431,2025-10-29,9,56945.13,64,3,2,2,7,Potential
432,2025-09-24,9,54902.22,99,2,2,2,6,At Risk
433,2025-11-15,16,113934.46,47,3,5,5,13,High Value
434,2025-10-27,13,82720.56,66,3,5,4,12,Loyal
435,2025-12-13,8,48760.83,19,4,2,2,8,Potential
436,2025-09-02,10,88234.2,121,1,3,4,8,Potential
437,2025-05-12,6,52611.49,234,1,1,2,4,At Risk
438,2025-11-20,11,72012.44,42,3,4,3,10,Loyal
439,2025-11-09,20,152656.29,53,3,5,5,13,High Value
440,2025-12-30,9,57738.39,2,5,2,2,9,Potential
441,2025-12-03,12,69304.94,29,4,4,3,11,Loyal
442,2025-12-19,14,64418.81,13,5,5,3,13,High Value
443,2025-11-30,12,82257.38,32,4,4,4,12,Loyal
444,2025-12-13,13,79416.15,19,4,5,4,13,High Value
445,2025-12-15,13,121458.83,17,5,5,5,15,High Value
446,2025-10-16,12,92039.12,77,2,4,5,11,Loyal
447,2025-12-14,11,87020.0,18,4,4,4,12,Loyal
448,2025-03-06,7,53771.37,301,1,1,2,4,At Risk
449,2025-10-03,9,41238.62,90,2,2,1,5,At Risk
450,2025-12-21,13,59693.63,11,5,5,2,12,Loyal
451,2025-08-28,7,46134.22,126,1,1,2,4,At Risk
452,2025-12-15,13,89460.17,17,5,5,4,14,High Value
453,2025-11-04,9,74566.61,58,3,2,4,9,Potential
454,2025-09-28,6,33940.37,95,2,1,1,4,At Risk
455,2025-11-30,11,75223.16,32,4,4,4,12,Loyal
456,2025-05-03,7,56834.62,243,1,1,2,4,At Risk
457,2025-10-16,10,86954.32,77,2,3,4,9,Potential
458,2025-12-28,7,62622.37,4,5,1,3,9,Potential
459,2025-11-29,8,58525.89,33,4,2,2,8,Potential
460,2025-07-17,6,37466.46,168,1,1,1,3,At Risk
461,2025-12-01,9,62699.58,31,4,2,3,9,Potential
462,2025-08-02,9,60244.63,152,1,3,2,6,At Risk
463,2025-12-07,11,79597.52,25,4,4,4,12,Loyal
464,2025-09-09,16,139002.59,114,2,5,5,12,Loyal
465,2025-09-22,6,28134.98,101,2,1,1,4,At Risk
466,2025-12-03,8,52616.41,29,4,2,2,8,Potential
467,2025-12-28,12,90341.77,4,5,4,5,14,High Value
468,2025-09-13,10,55592.19,110,2,3,2,7,Potential
469,2025-11-11,5,23090.09,51,3,1,1,5,At Risk
470,2025-12-24,6,35533.86,8,5,1,1,7,Potential
471,2025-11-24,16,106919.64,38,4,5,5,14,High Value
472,2025-12-01,11,86862.46,31,4,4,4,12,Loyal
473,2025-04-03,6,61756.71,273,1,1,3,5,At Risk
474,2025-12-03,13,96593.97,29,4,5,5,14,High Value
475,2025-05-14,5,16364.53,232,1,1,1,3,At Risk
476,2025-11-20,7,61829.22,42,3,1,3,7,Potential
477,2025-09-29,10,32725.37,94,2,3,1,6,At Risk
478,2025-12-06,8,44398.29,26,4,2,1,7,Potential
479,2025-11-26,12,88398.77,36,4,4,4,12,Loyal
480,2025-09-16,16,76951.06,107,2,5,4,11,Loyal
481,2025-12-11,12,56149.99,21,4,4,2,10,Loyal
482,2025-10-10,12,82838.83,83,2,4,4,10,Loyal
483,2025-12-30,10,81838.5,2,5,3,4,12,Loyal
484,2025-03-22,4,23732.76,285,1,1,1,3,At Risk
485,2025-12-31,11,47262.33,1,5,4,2,11,Loyal
486,2025-11-07,11,58321.76,55,3,4,2,9,Potential
487,2025-12-10,10,97871.09,22,4,3,5,12,Loyal
488,2025-12-15,7,24076.3,17,5,1,1,7,Potential
489,2025-12-20,6,31841.0,12,5,1,1,7,Potential
490,2025-12-02,12,115300.72,30,4,4,5,13,High Value
491,2025-12-16,9,46100.38,16,5,3,1,9,Potential
492,2025-10-12,10,61528.27,81,2,3,3,8,Potential
493,2025-05-22,9,42920.06,224,1,3,1,5,At Risk
494,2025-10-21,11,109239.45,72,2,4,5,11,Loyal
495,2025-11-01,13,74773.67,61,3,5,4,12,Loyal
496,2025-12-18,13,100635.23,14,5,5,5,15,High Value
497,2025-08-01,7,42477.6,153,1,1,1,3,At Risk
498,2025-12-30,11,60711.0,2,5,4,3,12,Loyal
499,2025-08-05,12,70361.94,149,1,4,3,8,Potential
500,2025-12-10,8,50980.99,22,4,2,2,8,Potential
501,2025-12-01,5,38005.85,31,4,1,1,6,At Risk
502,2025-12-28,12,66124.61,4,5,4,3,12,Loyal
503,2025-12-29,19,102676.61,3,5,5,5,15,High Value
504,2025-12-25,12,73464.38,7,5,4,3,12,Loyal
505,2025-11-24,7,54254.8,38,4,1,2,7,Potential
506,2025-09-06,11,101838.09,117,2,4,5,11,Loyal
507,2025-11-04,5,26075.27,58,3,1,1,5,At Risk
508,2025-10-13,11,75186.71,80,2,4,4,10,Loyal
509,2025-12-13,12,94498.0,19,4,4,5,13,High Value
510,2024-09-20,6,35091.09,468,1,1,1,3,At Risk
511,2025-12-10,12,70562.11,22,4,4,3,11,Loyal
512,2025-10-30,9,41270.93,63,3,3,1,7,Potential
513,2025-11-19,8,46817.4,43,3,2,2,7,Potential
514,2025-11-30,10,86272.79,32,4,3,4,11,Loyal
515,2025-08-04,9,45509.6,150,1,3,1,5,At Risk
516,2025-03-22,8,29358.2,285,1,2,1,4,At Risk
517,2025-12-25,9,66395.34,7,5,3,3,11,Loyal
518,2025-12-27,9,59135.21,5,5,3,2,10,Loyal
519,2025-12-09,8,86710.77,23,4,2,4,10,Loyal
520,2025-10-29,14,73335.88,64,3,5,3,11,Loyal
521,2025-09-19,12,69847.46,104,2,4,3,9,Potential
522,2025-10-24,13,68842.06,69,3,5,3,11,Loyal
523,2025-09-01,12,90156.73,122,1,4,5,10,Loyal
524,2025-10-26,7,39943.5,67,3,1,1,5,At Risk
525,2025-12-09,9,66696.15,23,4,3,3,10,Loyal
526,2025-09-19,5,24504.27,104,2,1,1,4,At Risk
527,2025-10-13,10,42773.73,80,2,3,1,6,At Risk
528,2025-12-16,16,87351.85,16,5,5,4,14,High Value
529,2025-12-21,10,61840.25,11,5,3,3,11,Loyal
530,2025-12-17,16,155108.62,15,5,5,5,15,High Value
531,2025-10-07,7,45233.63,86,2,1,1,4,At Risk
532,2025-12-13,9,50736.64,19,4,3,2,9,Potential
533,2025-12-21,9,76544.56,11,5,3,4,12,Loyal
534,2025-12-22,11,74010.91,10,5,4,4,13,High Value
535,2025-08-07,7,47690.98,147,1,1,2,4,At Risk
536,2025-12-18,9,56312.96,14,5,3,2,10,Loyal
537,2025-12-07,13,96545.61,25,4,5,5,14,High Value
538,2025-11-29,15,103573.33,33,4,5,5,14,High Value
539,2025-12-27,5,43761.89,5,5,1,1,7,Potential
540,2025-12-13,13,86591.85,19,4,5,4,13,High Value
541,2025-06-18,15,103166.72,197,1,5,5,11,Loyal
542,2025-07-06,12,53663.32,179,1,4,2,7,Potential
543,2025-10-30,10,75848.38,63,3,3,4,10,Loyal
544,2025-11-17,9,69626.37,45,3,3,3,9,Potential
545,2025-11-23,7,61159.03,39,4,1,3,8,Potential
546,2025-12-02,12,83314.38,30,4,4,4,12,Loyal
547,2025-11-29,13,122953.79,33,4,5,5,14,High Value
548,2025-11-22,7,43619.33,40,4,1,1,6,At Risk
549,2025-12-21,9,108548.29,11,5,3,5,13,High Value
550,2025-10-01,14,96324.56,92,2,5,5,12,Loyal
551,2025-12-30,14,108094.32,2,5,5,5,15,High Value
552,2025-09-23,8,69653.74,100,2,2,3,7,Potential
553,2025-11-13,8,46323.53,49,3,2,2,7,Potential
554,2025-11-01,10,64627.6,61,3,3,3,9,Potential
555,2025-10-24,10,72439.81,69,3,3,3,9,Potential
556,2025-10-30,12,92522.49,63,3,4,5,12,Loyal
557,2025-11-09,11,58329.98,53,3,4,2,9,Potential
558,2025-12-11,16,123176.97,21,4,5,5,14,High Value
559,2025-12-28,9,78172.2,4,5,3,4,12,Loyal
560,2025-11-21,18,99007.38,41,3,5,5,13,High Value
561,2025-12-12,12,65480.32,20,4,4,3,11,Loyal
562,2025-01-02,7,43353.85,364,1,1,1,3,At Risk
563,2025-12-08,7,36110.69,24,4,1,1,6,At Risk
564,2025-10-25,6,43908.46,68,3,1,1,5,At Risk
565,2025-07-15,8,53121.92,170,1,2,2,5,At Risk
566,2025-10-19,11,44910.24,74,2,4,1,7,Potential
567,2025-12-16,12,104801.9,16,5,4,5,14,High Value
568,2025-10-29,12,103260.55,64,3,4,5,12,Loyal
569,2025-12-04,11,54184.23,28,4,4,2,10,Loyal
570,2025-12-12,11,72049.75,20,4,4,3,11,Loyal
571,2025-11-03,9,63054.41,59,3,3,3,9,Potential
572,2025-03-18,3,19315.76,289,1,1,1,3,At Risk
573,2025-07-25,15,80107.21,160,1,5,4,10,Loyal
574,2025-09-06,14,117309.82,117,2,5,5,12,Loyal
575,2025-12-28,12,83554.18,4,5,4,4,13,High Value
576,2025-10-08,8,69115.86,85,2,2,3,7,Potential
577,2025-09-15,7,56690.26,108,2,1,2,5,At Risk
578,2025-12-22,8,34880.46,10,5,2,1,8,Potential
579,2025-12-13,8,64446.65,19,4,2,3,9,Potential
580,2025-11-19,10,57409.91,43,3,3,2,8,Potential
581,2025-12-04,8,66496.66,28,4,2,3,9,Potential
582,2025-12-30,10,99377.29,2,5,3,5,13,High Value
583,2025-12-30,10,79171.48,2,5,3,4,12,Loyal
584,2025-05-24,9,79728.91,222,1,3,4,8,Potential
585,2025-09-06,7,45562.67,117,2,1,1,4,At Risk
586,2025-12-01,10,86995.5,31,4,3,4,11,Loyal
587,2025-10-18,8,43091.6,75,2,2,1,5,At Risk
588,2025-11-02,11,78237.39,60,3,4,4,11,Loyal
589,2025-10-28,15,122070.65,65,3,5,5,13,High Value
590,2025-12-18,8,63521.01,14,5,2,3,10,Loyal
591,2025-10-03,9,57836.7,90,2,3,2,7,Potential
592,2025-10-17,11,82629.61,76,2,4,4,10,Loyal
593,2025-11-22,6,54955.51,40,3,1,2,6,At Risk
594,2025-02-07,7,70668.15,328,1,1,3,5,At Risk
595,2025-10-23,8,70165.68,70,3,2,3,8,Potential
596,2025-04-23,12,80307.28,253,1,4,4,9,Potential
597,2025-11-08,10,79367.23,54,3,3,4,10,Loyal
598,2025-10-10,7,55149.24,83,2,1,2,5,At Risk
599,2025-11-18,14,130072.69,44,3,5,5,13,High Value
600,2025-12-23,9,71994.45,9,5,3,3,11,Loyal
601,2025-10-28,18,167215.07,65,3,5,5,13,High Value
602,2025-07-25,12,86205.45,160,1,4,4,9,Potential
603,2025-10-02,7,53048.15,91,2,1,2,5,At Risk
604,2025-12-24,10,69743.11,8,5,3,3,11,Loyal
605,2025-11-24,10,100946.8,38,4,3,5,12,Loyal
606,2025-12-29,21,211169.92,3,5,5,5,15,High Value
607,2025-11-26,11,77026.81,36,4,4,4,12,Loyal
608,2025-11-11,8,57597.41,51,3,2,2,7,Potential
609,2025-07-05,9,41284.08,180,1,3,1,5,At Risk
610,2025-11-08,13,117682.06,54,3,5,5,13,High Value
611,2025-12-11,12,89963.87,21,4,4,5,13,High Value
612,2025-10-30,12,80213.92,63,3,4,4,11,Loyal
613,2025-12-06,7,44377.91,26,4,1,1,6,At Risk
614,2025-10-20,7,49014.29,73,2,1,2,5,At Risk
615,2025-11-13,13,86329.49,49,3,5,4,12,Loyal
616,2025-12-07,10,69141.44,25,4,3,3,10,Loyal
617,2025-08-08,11,77532.8,146,1,4,4,9,Potential
618,2025-11-29,14,119901.99,33,4,5,5,14,High Value
619,2025-10-26,14,92933.86,67,3,5,5,13,High Value
620,2025-12-02,10,46853.72,30,4,3,2,9,Potential
621,2025-10-16,11,56334.72,77,2,4,2,8,Potential
622,2025-09-06,11,74439.16,117,2,4,4,10,Loyal
623,2025-11-16,10,70765.46,46,3,3,3,9,Potential
624,2025-09-09,7,66962.25,114,2,1,3,6,At Risk
625,2025-08-10,9,67170.81,144,1,3,3,7,Potential
626,2025-09-16,10,35195.78,107,2,3,1,6,At Risk
627,2025-09-23,6,38646.59,100,2,1,1,4,At Risk
628,2025-10-07,17,92302.58,86,2,5,5,12,Loyal
629,2025-08-17,7,50102.54,137,1,1,2,4,At Risk
630,2025-11-28,10,71345.08,34,4,3,3,10,Loyal
631,2025-10-22,8,74751.87,71,2,2,4,8,Potential
632,2025-12-29,7,39800.97,3,5,1,1,7,Potential
633,2024-10-11,6,26818.73,447,1,1,1,3,At Risk
634,2025-11-07,11,90730.7,55,3,4,5,12,Loyal
635,2025-07-15,9,51381.33,170,1,3,2,6,At Risk
636,2025-12-26,6,36303.36,6,5,1,1,7,Potential
637,2025-08-07,11,42200.86,147,1,4,1,6,At Risk
638,2025-11-08,8,74166.11,54,3,2,4,9,Potential
639,2025-09-16,14,89754.86,107,2,5,4,11,Loyal
640,2025-11-05,10,65061.42,57,3,3,3,9,Potential
641,2025-12-31,6,30581.42,1,5,1,1,7,Potential
642,2025-09-16,6,55549.81,107,2,1,2,5,At Risk
643,2025-12-29,10,62960.68,3,5,3,3,11,Loyal
644,2025-11-13,9,46071.8,49,3,3,1,7,Potential
645,2025-10-14,5,28305.19,79,2,1,1,4,At Risk
646,2025-12-23,8,52373.9,9,5,2,2,9,Potential
647,2025-12-18,9,50287.28,14,5,3,2,10,Loyal
648,2025-12-09,5,39911.18,23,4,1,1,6,At Risk
649,2025-11-30,13,92101.97,32,4,5,5,14,High Value
650,2025-12-27,11,67654.51,5,5,4,3,12,Loyal
651,2025-11-17,10,52634.33,45,3,3,2,8,Potential
652,2025-12-05,7,69014.07,27,4,1,3,8,Potential
653,2025-11-13,15,141977.24,49,3,5,5,13,High Value
654,2025-11-07,6,30402.82,55,3,1,1,5,At Risk
655,2025-06-15,7,46947.94,200,1,2,2,5,At Risk
656,2025-12-22,7,54083.17,10,5,2,2,9,Potential
657,2025-11-19,13,88282.67,43,3,5,4,12,Loyal
658,2025-12-01,16,76451.2,31,4,5,4,13,High Value
659,2025-05-04,6,34254.48,242,1,1,1,3,At Risk
660,2025-01-30,9,65896.13,336,1,3,3,7,Potential
661,2025-12-23,12,86020.03,9,5,4,4,13,High Value
662,2025-12-11,12,78216.81,21,4,4,4,12,Loyal
663,2025-09-26,16,90702.69,97,2,5,5,12,Loyal
664,2025-10-05,10,76238.44,88,2,3,4,9,Potential
665,2025-10-11,7,46391.24,82,2,2,2,6,At Risk
666,2025-12-26,12,95681.68,6,5,4,5,14,High Value
667,2025-09-09,7,39993.79,114,2,2,1,5,At Risk
668,2025-12-02,12,69380.63,30,4,4,3,11,Loyal
669,2025-10-24,5,33418.38,69,3,1,1,5,At Risk
670,2025-10-31,6,30362.88,62,3,1,1,5,At Risk
671,2025-07-19,10,64653.82,166,1,3,3,7,Potential
672,2025-11-16,9,48783.3,46,3,3,2,8,Potential
673,2025-08-01,9,46017.62,153,1,3,1,5,At Risk
674,2025-10-27,8,63408.75,66,3,2,3,8,Potential
675,2025-08-27,13,96890.74,127,1,5,5,11,Loyal
676,2025-12-15,10,57235.65,17,5,3,2,10,Loyal
677,2025-12-10,9,55908.91,22,4,3,2,9,Potential
678,2025-07-01,10,73461.36,184,1,3,3,7,Potential
679,2025-11-15,11,104233.66,47,3,4,5,12,Loyal
680,2025-10-08,11,70729.84,85,2,4,3,9,Potential
681,2025-09-21,12,119163.15,102,2,4,5,11,Loyal
682,2025-07-28,9,68025.05,157,1,3,3,7,Potential
683,2025-11-28,7,45660.52,34,4,2,1,7,Potential
684,2025-07-03,5,35164.05,182,1,1,1,3,At Risk
685,2025-11-28,12,90647.25,34,4,4,5,13,High Value
686,2025-09-30,7,39336.66,93,2,2,1,5,At Risk
687,2025-10-03,12,57914.33,90,2,4,2,8,Potential
688,2025-12-19,14,98134.28,13,5,5,5,15,High Value
689,2025-12-06,9,49117.07,26,4,3,2,9,Potential
690,2025-08-18,8,36687.9,136,1,2,1,4,At Risk
691,2025-12-29,9,73637.53,3,5,3,3,11,Loyal
692,2025-10-20,8,40261.78,73,2,2,1,5,At Risk
693,2025-12-30,14,95484.37,2,5,5,5,15,High Value
694,2025-08-04,15,108914.34,150,1,5,5,11,Loyal
695,2025-08-16,8,49718.64,138,1,2,2,5,At Risk
696,2025-08-11,9,74005.29,143,1,3,4,8,Potential
697,2025-11-04,10,79250.58,58,3,3,4,10,Loyal
698,2025-10-01,13,90241.87,92,2,5,5,12,Loyal
699,2025-11-21,13,66253.74,41,3,5,3,11,Loyal
700,2025-12-23,16,121068.42,9,5,5,5,15,High Value
701,2025-12-29,10,61690.19,3,5,3,3,11,Loyal
702,2025-12-27,16,111188.08,5,5,5,5,15,High Value
703,2025-12-21,10,109677.94,11,5,3,5,13,High Value
704,2025-07-19,6,35537.69,166,1,1,1,3,At Risk
705,2025-09-13,8,57283.82,110,2,2,2,6,At Risk
706,2025-08-21,11,46015.69,133,1,4,1,6,At Risk
707,2025-06-14,4,30276.08,201,1,1,1,3,At Risk
708,2025-12-01,12,85545.71,31,4,4,4,12,Loyal
709,2025-03-22,10,73809.65,285,1,3,4,8,Potential
710,2025-12-03,11,78222.34,29,4,4,4,12,Loyal
711,2025-07-31,9,68080.23,154,1,3,3,7,Potential
712,2025-11-08,11,101563.89,54,3,4,5,12,Loyal
713,2025-12-11,10,43105.17,21,4,3,1,8,Potential
714,2025-08-05,8,56344.08,149,1,2,2,5,At Risk
715,2025-11-28,11,51039.75,34,4,4,2,10,Loyal
716,2025-08-01,13,112861.53,153,1,5,5,11,Loyal
717,2025-11-14,11,84479.84,48,3,4,4,11,Loyal
718,2025-11-22,15,144458.66,40,3,5,5,13,High Value
719,2025-06-08,5,49078.39,207,1,1,2,4,At Risk
720,2025-11-27,16,123205.19,35,4,5,5,14,High Value
721,2025-12-26,11,84171.89,6,5,4,4,13,High Value
722,2025-09-06,11,67587.02,117,2,4,3,9,Potential
723,2025-08-26,7,66922.44,128,1,2,3,6,At Risk
724,2025-03-16,4,21433.26,291,1,1,1,3,At Risk
725,2025-11-23,6,24994.39,39,4,1,1,6,At Risk
726,2025-10-05,17,87067.52,88,2,5,4,11,Loyal
727,2025-09-19,8,67048.92,104,2,2,3,7,Potential
728,2025-12-25,17,127764.53,7,5,5,5,15,High Value
729,2025-10-17,5,24320.81,76,2,1,1,4,At Risk
730,2025-11-28,10,55921.32,34,4,3,2,9,Potential
731,2025-10-21,10,53705.59,72,2,3,2,7,Potential
732,2025-12-05,17,118619.52,27,4,5,5,14,High Value
733,2025-11-25,7,33961.2,37,4,2,1,7,Potential
734,2025-11-01,5,27551.23,61,3,1,1,5,At Risk
735,2025-11-15,15,128342.81,47,3,5,5,13,High Value
736,2025-08-07,7,55471.19,147,1,2,2,5,At Risk
737,2025-12-27,9,47050.18,5,5,3,2,10,Loyal
738,2025-12-29,12,92908.74,3,5,4,5,14,High Value
739,2025-12-31,10,68485.27,1,5,3,3,11,Loyal
740,2025-11-26,9,65808.74,36,4,3,3,10,Loyal
741,2025-12-01,5,42383.78,31,4,1,1,6,At Risk
742,2025-10-12,7,46267.37,81,2,2,2,6,At Risk
743,2025-09-08,13,84293.34,115,2,5,4,11,Loyal
744,2025-12-08,7,72313.67,24,4,2,3,9,Potential
745,2025-11-09,5,53304.68,53,3,1,2,6,At Risk
746,2025-10-27,12,112308.16,66,3,4,5,12,Loyal
747,2025-07-14,9,62198.55,171,1,3,3,7,Potential
748,2025-08-30,6,39068.01,124,1,1,1,3,At Risk
749,2025-11-10,10,47412.82,52,3,3,2,8,Potential
750,2025-09-08,9,69242.26,115,2,3,3,8,Potential
751,2025-12-30,8,71970.21,2,5,2,3,10,Loyal
752,2025-12-25,8,55766.82,7,5,2,2,9,Potential
753,2025-12-05,12,70079.98,27,4,4,3,11,Loyal
754,2025-11-29,19,150871.44,33,4,5,5,14,High Value
755,2025-06-22,6,32318.61,193,1,1,1,3,At Risk
756,2025-12-31,11,54373.52,1,5,4,2,11,Loyal
757,2025-10-08,8,57831.54,85,2,2,2,6,At Risk
758,2025-12-22,18,167287.44,10,5,5,5,15,High Value
759,2025-11-19,11,60347.71,43,3,4,3,10,Loyal
760,2025-12-02,4,35864.63,30,4,1,1,6,At Risk
761,2025-12-08,12,68825.44,24,4,4,3,11,Loyal
762,2025-09-19,5,39123.84,104,2,1,1,4,At Risk
763,2025-11-02,11,81686.07,60,3,4,4,11,Loyal
764,2025-11-24,3,19288.61,38,4,1,1,6,At Risk
765,2025-12-23,7,49181.93,9,5,2,2,9,Potential
766,2025-11-23,11,60581.24,39,4,4,3,11,Loyal
767,2025-06-18,5,42649.65,197,1,1,1,3,At Risk
768,2025-12-05,11,82176.29,27,4,4,4,12,Loyal
769,2025-09-27,9,68064.81,96,2,3,3,8,Potential
770,2025-12-31,10,70712.11,1,5,3,3,11,Loyal
771,2025-06-26,7,52871.62,189,1,2,2,5,At Risk
772,2025-06-03,10,80669.12,212,1,3,4,8,Potential
773,2025-10-24,5,55190.38,69,3,1,2,6,At Risk
774,2025-09-27,8,72553.29,96,2,2,3,7,Potential
775,2025-10-06,6,30962.46,87,2,1,1,4,At Risk
776,2025-12-06,7,47951.68,26,4,2,2,8,Potential
777,2025-12-12,5,30322.94,20,4,1,1,6,At Risk
778,2025-11-30,12,114634.96,32,4,4,5,13,High Value
779,2025-12-21,6,21719.34,11,5,1,1,7,Potential
780,2025-12-06,8,26002.18,26,4,2,1,7,Potential
781,2025-12-28,9,38772.57,4,5,3,1,9,Potential
782,2025-12-21,9,59981.65,11,5,3,2,10,Loyal
783,2025-08-19,19,143132.09,135,1,5,5,11,Loyal
784,2025-12-21,10,97407.61,11,5,3,5,13,High Value
785,2025-12-26,18,111364.84,6,5,5,5,15,High Value
786,2025-12-21,3,26548.99,11,5,1,1,7,Potential
787,2025-11-17,10,67304.56,45,3,3,3,9,Potential
788,2025-11-07,9,89755.84,55,3,3,4,10,Loyal
789,2025-04-18,8,52937.05,258,1,2,2,5,At Risk
790,2025-11-29,14,63329.65,33,4,5,3,12,Loyal
791,2025-12-21,15,100749.09,11,5,5,5,15,High Value
792,2025-05-05,13,94212.73,241,1,5,5,11,Loyal
793,2025-10-18,12,85016.36,75,2,4,4,10,Loyal
794,2025-10-29,11,77780.2,64,3,4,4,11,Loyal
795,2025-09-10,9,80071.4,113,2,3,4,9,Potential
796,2025-08-09,8,67552.2,145,1,2,3,6,At Risk
797,2025-07-20,8,62286.21,165,1,2,3,6,At Risk
798,2025-12-24,14,76010.92,8,5,5,4,14,High Value
799,2025-10-27,16,87192.88,66,3,5,4,12,Loyal
800,2025-10-19,12,83367.74,74,2,4,4,10,Loyal
801,2025-11-20,10,79367.13,42,3,3,4,10,Loyal
802,2025-09-22,9,59609.73,101,2,3,2,7,Potential
803,2025-12-26,12,60535.32,6,5,4,3,12,Loyal
804,2025-11-06,13,73874.71,56,3,5,4,12,Loyal
805,2025-10-28,11,97267.18,65,3,4,5,12,Loyal
806,2025-03-28,7,47607.78,279,1,2,2,5,At Risk
807,2025-12-26,6,31205.31,6,5,1,1,7,Potential
808,2025-12-20,10,80902.74,12,5,3,4,12,Loyal
809,2025-12-15,9,64727.25,17,5,3,3,11,Loyal
810,2025-11-05,12,91596.14,57,3,4,5,12,Loyal
811,2025-11-10,11,53328.66,52,3,4,2,9,Potential
812,2025-10-04,7,61812.32,89,2,2,3,7,Potential
813,2025-10-12,9,86636.28,81,2,3,4,9,Potential
814,2025-12-12,10,59220.82,20,4,3,2,9,Potential
815,2025-12-02,5,43062.98,30,4,1,1,6,At Risk
816,2025-11-12,7,32576.95,50,3,2,1,6,At Risk
817,2025-08-10,11,54414.39,144,1,4,2,7,Potential
818,2025-12-29,4,23317.17,3,5,1,1,7,Potential
819,2025-07-31,9,46371.93,154,1,3,2,6,At Risk
820,2025-11-02,12,73047.27,60,3,4,3,10,Loyal
821,2025-10-26,7,66968.58,67,3,2,3,8,Potential
822,2025-12-30,14,91635.62,2,5,5,5,15,High Value
823,2025-06-30,5,33041.88,185,1,1,1,3,At Risk
824,2025-12-12,8,51381.58,20,4,2,2,8,Potential
825,2025-10-29,22,131471.45,64,3,5,5,13,High Value
826,2025-09-15,10,65890.3,108,2,3,3,8,Potential
827,2025-08-22,8,54634.28,132,1,2,2,5,At Risk
828,2025-11-18,9,56526.26,44,3,3,2,8,Potential
829,2025-09-22,4,33747.1,101,2,1,1,4,At Risk
830,2025-12-07,13,97948.7,25,4,5,5,14,High Value
831,2025-10-08,11,79897.7,85,2,4,4,10,Loyal
832,2025-12-28,13,88990.99,4,5,5,4,14,High Value
833,2025-11-02,13,86890.46,60,3,5,4,12,Loyal
834,2025-12-30,14,71363.52,2,5,5,3,13,High Value
835,2025-11-10,14,118126.64,52,3,5,5,13,High Value
836,2025-12-31,14,81665.36,1,5,5,4,14,High Value
837,2025-12-02,11,77871.91,30,4,4,4,12,Loyal
838,2025-10-25,10,58250.09,68,3,3,2,8,Potential
839,2025-12-14,11,62405.24,18,4,4,3,11,Loyal
840,2025-09-27,13,93855.25,96,2,5,5,12,Loyal
841,2025-10-11,8,69195.59,82,2,2,3,7,Potential
842,2025-11-22,9,65537.15,40,3,3,3,9,Potential
843,2025-10-04,12,86696.51,89,2,4,4,10,Loyal
844,2025-09-26,11,87127.12,97,2,4,4,10,Loyal
845,2025-10-15,15,153538.59,78,2,5,5,12,Loyal
846,2025-10-18,13,106910.01,75,2,5,5,12,Loyal
847,2025-11-29,5,44322.39,33,4,1,1,6,At Risk
848,2025-12-08,13,81238.29,24,4,5,4,13,High Value
849,2025-11-26,21,130146.67,36,4,5,5,14,High Value
850,2025-09-12,15,88761.96,111,2,5,4,11,Loyal
851,2025-11-24,7,38229.45,38,4,2,1,7,Potential
852,2025-11-24,10,72426.4,38,4,3,3,10,Loyal
853,2025-10-29,13,82336.62,64,3,5,4,12,Loyal
854,2025-10-05,10,80173.98,88,2,3,4,9,Potential
855,2025-09-04,12,95708.91,119,1,4,5,10,Loyal
856,2025-11-03,8,52721.9,59,3,2,2,7,Potential
857,2025-12-29,7,49855.54,3,5,2,2,9,Potential
858,2025-08-03,16,90477.92,151,1,5,5,11,Loyal
859,2025-11-22,13,96365.18,40,3,5,5,13,High Value
860,2025-12-19,9,32157.84,13,5,3,1,9,Potential
861,2025-11-16,11,57669.79,46,3,4,2,9,Potential
862,2025-12-07,9,50713.3,25,4,3,2,9,Potential
863,2025-12-11,8,62875.04,21,4,2,3,9,Potential
864,2025-12-24,9,58888.07,8,5,3,2,10,Loyal
865,2025-11-08,12,71370.92,54,3,4,3,10,Loyal
866,2025-09-30,10,22411.8,93,2,3,1,6,At Risk
867,2025-09-02,7,71035.18,121,1,2,3,6,At Risk
868,2025-08-08,9,82471.81,146,1,3,4,8,Potential
869,2025-12-31,14,102795.27,1,5,5,5,15,High Value
870,2025-04-09,12,60558.29,267,1,4,3,8,Potential
871,2025-12-11,14,118999.35,21,4,5,5,14,High Value
872,2025-09-28,9,36841.56,95,2,3,1,6,At Risk
873,2025-12-19,6,50091.38,13,5,1,2,8,Potential
874,2025-12-06,13,108214.58,26,4,5,5,14,High Value
875,2025-11-17,7,68775.82,45,3,2,3,8,Potential
876,2025-09-05,6,47620.57,118,1,1,2,4,At Risk
877,2025-10-07,7,35554.76,86,2,2,1,5,At Risk
878,2025-12-21,10,81694.37,11,5,3,4,12,Loyal
879,2025-12-01,5,20956.36,31,4,1,1,6,At Risk
880,2025-12-10,13,106624.04,22,4,5,5,14,High Value
881,2025-11-25,12,103373.14,37,4,4,5,13,High Value
882,2025-11-28,7,50685.31,34,4,2,2,8,Potential
883,2025-11-18,8,73955.56,44,3,2,4,9,Potential
884,2025-11-04,13,66339.79,58,3,5,3,11,Loyal
885,2025-11-24,9,43607.06,38,4,3,1,8,Potential
886,2025-12-18,11,111281.14,14,5,4,5,14,High Value
887,2025-12-15,12,72927.33,17,5,4,3,12,Loyal
888,2025-09-28,11,90574.07,95,2,4,5,11,Loyal
889,2025-11-25,13,86598.9,37,4,5,4,13,High Value
890,2025-12-04,17,89099.52,28,4,5,4,13,High Value
891,2025-08-31,14,120797.05,123,1,5,5,11,Loyal
892,2025-11-02,9,63556.05,60,3,3,3,9,Potential
893,2025-09-24,15,82532.77,99,2,5,4,11,Loyal
894,2025-12-24,10,49403.92,8,5,3,2,10,Loyal
895,2025-12-16,10,84160.61,16,5,3,4,12,Loyal
896,2025-10-25,4,50523.95,68,3,1,2,6,At Risk
897,2025-12-18,15,88248.52,14,5,5,4,14,High Value
898,2025-12-15,15,119765.76,17,5,5,5,15,High Value
899,2025-12-08,11,74250.87,24,4,4,4,12,Loyal
900,2025-10-15,11,51495.2,78,2,4,2,8,Potential
901,2025-10-12,8,111558.31,81,2,2,5,9,Potential
902,2025-10-09,11,95952.76,84,2,4,5,11,Loyal
903,2025-10-11,8,45640.09,82,2,2,1,5,At Risk
904,2025-11-16,8,52670.87,46,3,2,2,7,Potential
905,2025-12-25,12,71370.46,7,5,4,3,12,Loyal
906,2025-08-30,8,31867.35,124,1,2,1,4,At Risk
907,2025-10-16,8,68382.85,77,2,2,3,7,Potential
908,2025-12-26,5,17573.83,6,5,1,1,7,Potential
909,2025-08-19,11,97646.79,135,1,4,5,10,Loyal
910,2025-11-06,10,60748.17,56,3,3,3,9,Potential
911,2025-12-08,8,70916.26,24,4,2,3,9,Potential
912,2025-11-22,12,92963.59,40,3,4,5,12,Loyal
913,2025-09-14,14,84276.32,109,2,5,4,11,Loyal
914,2025-10-27,16,94167.86,66,3,5,5,13,High Value
915,2025-11-26,13,76899.63,36,4,5,4,13,High Value
916,2025-10-15,10,89314.3,78,2,3,4,9,Potential
917,2025-11-13,14,83572.55,49,3,5,4,12,Loyal
918,2025-10-23,8,56094.94,70,3,2,2,7,Potential
919,2025-11-25,15,106954.92,37,4,5,5,14,High Value
920,2025-11-29,13,93738.48,33,4,5,5,14,High Value
921,2025-10-18,14,102787.39,75,2,5,5,12,Loyal
922,2025-10-26,11,89715.48,67,3,4,4,11,Loyal
923,2025-09-27,13,103770.21,96,2,5,5,12,Loyal
924,2025-12-23,11,73878.55,9,5,4,4,13,High Value
925,2025-10-19,15,140610.06,74,2,5,5,12,Loyal
926,2025-12-16,9,69862.38,16,5,3,3,11,Loyal
927,2025-04-24,6,34032.09,252,1,1,1,3,At Risk
928,2025-11-15,10,60897.23,47,3,3,3,9,Potential
929,2025-10-24,13,71906.97,69,3,5,3,11,Loyal
930,2025-09-12,8,55540.97,111,2,2,2,6,At Risk
931,2025-10-24,5,30132.71,69,3,1,1,5,At Risk
932,2025-08-21,6,44497.23,133,1,1,1,3,At Risk
933,2025-12-26,4,32485.84,6,5,1,1,7,Potential
934,2025-12-28,9,48705.21,4,5,3,2,10,Loyal
935,2025-11-28,12,92838.96,34,4,4,5,13,High Value
936,2025-10-24,11,110143.32,69,3,4,5,12,Loyal
937,2025-09-17,8,55898.02,106,2,2,2,6,At Risk
938,2025-10-07,14,107587.97,86,2,5,5,12,Loyal
939,2025-11-06,13,106108.79,56,3,5,5,13,High Value
940,2025-11-04,14,91329.43,58,3,5,5,13,High Value
941,2025-07-16,4,26529.53,169,1,1,1,3,At Risk
942,2025-10-19,11,94104.99,74,2,4,5,11,Loyal
943,2025-11-25,9,54143.61,37,4,3,2,9,Potential
944,2025-12-13,9,46615.53,19,4,3,2,9,Potential
945,2025-10-23,14,76918.91,70,3,5,4,12,Loyal
946,2025-10-17,12,84884.65,76,2,4,4,10,Loyal
947,2025-12-19,12,92883.04,13,5,4,5,14,High Value
948,2025-11-28,10,72994.45,34,4,3,3,10,Loyal
949,2025-12-20,6,40574.19,12,5,1,1,7,Potential
950,2025-12-19,15,96763.59,13,5,5,5,15,High Value
951,2025-09-04,10,55127.94,119,1,3,2,6,At Risk
952,2025-07-27,9,62392.6,158,1,3,3,7,Potential
953,2025-05-09,6,42609.54,237,1,1,1,3,At Risk
954,2025-11-15,11,61191.54,47,3,4,3,10,Loyal
955,2025-10-12,6,40936.47,81,2,1,1,4,At Risk
956,2025-06-30,12,71727.92,185,1,4,3,8,Potential
957,2025-08-14,6,46149.59,140,1,1,2,4,At Risk
958,2025-09-24,6,36109.65,99,2,1,1,4,At Risk
959,2025-12-17,7,56120.55,15,5,2,2,9,Potential
960,2025-12-30,11,79666.64,2,5,4,4,13,High Value
961,2025-05-17,7,37585.1,229,1,2,1,4,At Risk
962,2025-09-30,11,57364.75,93,2,4,2,8,Potential
963,2025-12-13,17,100197.06,19,4,5,5,14,High Value
964,2025-07-14,5,22085.69,171,1,1,1,3,At Risk
965,2025-12-04,12,116053.27,28,4,4,5,13,High Value
966,2025-09-10,5,46326.8,113,2,1,2,5,At Risk
967,2025-08-24,11,82923.64,130,1,4,4,9,Potential
968,2025-11-21,9,37023.36,41,3,3,1,7,Potential
969,2025-12-03,5,44182.91,29,4,1,1,6,At Risk
970,2025-10-20,8,59428.94,73,2,2,2,6,At Risk
971,2025-11-27,9,89541.67,35,4,3,4,11,Loyal
972,2025-08-22,9,51673.66,132,1,3,2,6,At Risk
973,2025-12-26,14,92866.43,6,5,5,5,15,High Value
974,2025-12-09,10,64122.36,23,4,3,3,10,Loyal
975,2025-10-19,11,84588.39,74,2,4,4,10,Loyal
976,2025-10-27,9,72282.93,66,3,3,3,9,Potential
977,2025-12-03,9,48295.85,29,4,3,2,9,Potential
978,2025-05-19,8,46762.09,227,1,2,2,5,At Risk
979,2025-09-06,11,57916.36,117,1,4,2,7,Potential
980,2025-10-17,8,46454.31,76,2,2,2,6,At Risk
981,2025-11-02,12,81875.57,60,3,4,4,11,Loyal
982,2025-12-24,9,68709.8,8,5,3,3,11,Loyal
983,2025-12-27,8,64056.39,5,5,2,3,10,Loyal
984,2025-12-15,11,63550.3,17,5,4,3,12,Loyal
985,2025-10-01,11,83217.68,92,2,4,4,10,Loyal
986,2025-10-27,10,76512.65,66,3,3,4,10,Loyal
987,2025-12-29,7,63711.16,3,5,2,3,10,Loyal
988,2025-12-23,16,107761.09,9,5,5,5,15,High Value
989,2025-12-21,9,65341.43,11,5,3,3,11,Loyal
990,2025-08-07,8,54057.62,147,1,2,2,5,At Risk
991,2025-11-22,8,47519.3,40,3,2,2,7,Potential
992,2025-11-21,17,150981.98,41,3,5,5,13,High Value
993,2025-11-15,13,88143.2,47,3,5,4,12,Loyal
994,2025-12-26,10,51807.36,6,5,3,2,10,Loyal
995,2025-10-02,7,64099.65,91,2,2,3,7,Potential
996,2025-05-17,7,39562.85,229,1,2,1,4,At Risk
997,2025-03-24,8,68289.3,283,1,2,3,6,At Risk
998,2025-10-26,6,31867.33,67,3,1,1,5,At Risk
999,2025-10-31,12,107874.75,62,3,4,5,12,Loyal
1000,2025-08-13,8,49617.66,141,1,2,2,5,At Risk
