customer_id,customer_name,gender,age,city,total_transactions,total_spending,average_transaction_value,first_purchase,last_purchase
606,Customer_606,Male,29,Mumbai,21,211169.92,10055.710476,2024-01-26,2025-12-29
237,Customer_237,Female,24,Patna,20,190233.9,9511.695,2024-01-24,2025-12-20
758,Customer_758,Female,45,Kolkata,18,167287.44,9293.746667,2024-04-07,2025-12-22
601,Customer_601,Male,32,Bangalore,18,167215.07,9289.726111,2024-04-30,2025-10-28
530,Customer_530,Male,47,Patna,16,155108.62,9694.28875,2024-01-25,2025-12-17
845,Customer_845,Other,44,Delhi,15,153538.59,10235.906,2024-04-28,2025-10-15
387,Customer_387,Other,63,Mumbai,20,153380.4,7669.02,2024-01-08,2025-12-29
439,Customer_439,Other,53,Patna,20,152656.29,7632.8145,2024-03-15,2025-11-09
992,Customer_992,Other,52,Delhi,17,150981.98,8881.292941,2024-02-15,2025-11-21
754,Customer_754,Male,27,Patna,19,150871.44,7940.602105,2024-01-16,2025-11-29
718,Customer_718,Male,60,Mumbai,15,144458.66,9630.577333,2024-05-18,2025-11-22
82,Customer_82,Male,25,Hyderabad,15,143890.33,9592.688667,2024-03-17,2025-12-22
783,Customer_783,Female,53,Kolkata,19,143132.09,7533.267895,2024-01-07,2025-08-19
166,Customer_166,Male,48,Hyderabad,18,142660.91,7925.606111,2024-01-10,2025-12-30
653,Customer_653,Female,31,Kolkata,15,141977.24,9465.149333,2024-01-08,2025-11-13
925,Customer_925,Other,39,Ranchi,15,140610.06,9374.004,2024-03-29,2025-10-19
283,Customer_283,Other,31,Kolkata,18,139354.19,7741.899444,2024-01-29,2025-12-25
464,Customer_464,Male,57,Patna,16,139002.59,8687.661875,2024-03-05,2025-09-09
59,Customer_59,Other,26,Hyderabad,15,134089.55,8939.303333,2024-02-02,2025-11-02
204,Customer_204,Female,48,Delhi,13,133754.92,10288.84,2024-05-09,2025-12-19
825,Customer_825,Other,64,Kolkata,22,131471.45,5975.975,2024-03-13,2025-10-29
849,Customer_849,Male,34,Patna,21,130146.67,6197.460476,2024-01-13,2025-11-26
599,Customer_599,Other,18,Bangalore,14,130072.69,9290.906429,2024-03-20,2025-11-18
112,Customer_112,Female,42,Delhi,17,130023.28,7648.428235,2024-01-06,2025-11-09
69,Customer_69,Female,22,Delhi,17,128614.86,7565.58,2024-02-13,2025-12-12
735,Customer_735,Other,29,Mumbai,15,128342.81,8556.187333,2024-04-02,2025-11-15
728,Customer_728,Male,48,Mumbai,17,127764.53,7515.560588,2024-04-03,2025-12-25
73,Customer_73,Female,26,Bangalore,20,127405.7,6370.285,2024-03-05,2025-11-25
381,Customer_381,Female,62,Delhi,15,126424.49,8428.299333,2024-01-23,2025-11-02
368,Customer_368,Other,41,Ranchi,15,123627.01,8241.800667,2024-01-26,2025-12-22
720,Customer_720,Other,48,Bangalore,16,123205.19,7700.324375,2024-02-03,2025-11-27
558,Customer_558,Male,35,Bangalore,16,123176.97,7698.560625,2024-04-18,2025-12-11
547,Customer_547,Male,57,Hyderabad,13,122953.79,9457.983846,2024-02-02,2025-11-29
589,Customer_589,Other,18,Patna,15,122070.65,8138.043333,2024-04-16,2025-10-28
445,Customer_445,Female,41,Hyderabad,13,121458.83,9342.986923,2024-01-24,2025-12-15
700,Customer_700,Female,23,Ranchi,16,121068.42,7566.77625,2024-03-19,2025-12-23
891,Customer_891,Male,28,Patna,14,120797.05,8628.360714,2024-02-16,2025-08-31
333,Customer_333,Male,48,Kolkata,14,120033.03,8573.787857,2024-02-04,2025-12-19
390,Customer_390,Male,46,Bangalore,11,119905.22,10900.474545,2024-01-08,2025-09-30
618,Customer_618,Other,24,Patna,14,119901.99,8564.427857,2024-02-01,2025-11-29
898,Customer_898,Female,28,Hyderabad,15,119765.76,7984.384,2024-01-28,2025-12-15
93,Customer_93,Male,31,Patna,14,119333.73,8523.837857,2024-01-12,2025-10-08
681,Customer_681,Male,23,Hyderabad,12,119163.15,9930.2625,2024-01-06,2025-09-21
871,Customer_871,Other,53,Mumbai,14,118999.35,8499.953571,2024-01-23,2025-12-11
732,Customer_732,Male,31,Ranchi,17,118619.52,6977.618824,2024-01-19,2025-12-05
835,Customer_835,Other,32,Hyderabad,14,118126.64,8437.617143,2024-01-18,2025-11-10
270,Customer_270,Male,40,Bangalore,14,117999.8,8428.557143,2024-01-14,2025-11-07
610,Customer_610,Female,23,Ranchi,13,117682.06,9052.466154,2024-05-11,2025-11-08
574,Customer_574,Male,52,Ranchi,14,117309.82,8379.272857,2024-01-13,2025-09-06
271,Customer_271,Male,36,Bangalore,19,116874.31,6151.279474,2024-04-19,2025-10-14
47,Customer_47,Female,27,Patna,13,116450.86,8957.758462,2024-01-18,2025-12-10
965,Customer_965,Male,28,Mumbai,12,116053.27,9671.105833,2024-03-27,2025-12-04
39,Customer_39,Male,54,Bangalore,14,115843.91,8274.565,2024-02-17,2025-12-16
490,Customer_490,Male,41,Mumbai,12,115300.72,9608.393333,2024-02-24,2025-12-02
384,Customer_384,Female,26,Mumbai,15,114926.64,7661.776,2024-01-01,2025-12-31
171,Customer_171,Female,44,Mumbai,17,114764.4,6750.847059,2024-02-04,2025-12-19
778,Customer_778,Male,35,Ranchi,12,114634.96,9552.913333,2024-01-08,2025-11-30
415,Customer_415,Female,23,Ranchi,14,114094.93,8149.637857,2024-02-01,2025-12-02
433,Customer_433,Male,43,Bangalore,16,113934.46,7120.90375,2024-01-11,2025-11-15
189,Customer_189,Female,35,Bangalore,15,113752.24,7583.482667,2024-03-19,2025-09-15
111,Customer_111,Other,50,Ranchi,12,113156.03,9429.669167,2024-01-19,2025-08-03
90,Customer_90,Male,54,Ranchi,14,113124.03,8080.287857,2024-01-18,2025-11-15
716,Customer_716,Female,24,Patna,13,112861.53,8681.656154,2024-01-10,2025-08-01
746,Customer_746,Other,51,Kolkata,12,112308.16,9359.013333,2024-01-03,2025-10-27
901,Customer_901,Other,58,Delhi,8,111558.31,13944.78875,2024-03-06,2025-10-12
785,Customer_785,Other,29,Kolkata,18,111364.84,6186.935556,2024-03-25,2025-12-26
886,Customer_886,Female,63,Patna,11,111281.14,10116.467273,2024-01-18,2025-12-18
702,Customer_702,Other,36,Hyderabad,16,111188.08,6949.255,2024-01-14,2025-12-27
146,Customer_146,Other,27,Kolkata,14,110292.69,7878.049286,2024-01-02,2025-10-15
936,Customer_936,Other,57,Ranchi,11,110143.32,10013.029091,2024-01-04,2025-10-24
703,Customer_703,Male,33,Patna,10,109677.94,10967.794,2024-12-07,2025-12-21
494,Customer_494,Other,38,Mumbai,11,109239.45,9930.859091,2024-01-10,2025-10-21
694,Customer_694,Other,51,Kolkata,15,108914.34,7260.956,2024-03-06,2025-08-04
549,Customer_549,Male,40,Ranchi,9,108548.29,12060.921111,2024-01-15,2025-12-21
206,Customer_206,Other,46,Hyderabad,11,108369.05,9851.731818,2024-01-21,2025-12-17
367,Customer_367,Female,61,Kolkata,15,108339.33,7222.622,2024-02-26,2025-12-14
874,Customer_874,Other,39,Mumbai,13,108214.58,8324.198462,2024-03-05,2025-12-06
551,Customer_551,Male,56,Delhi,14,108094.32,7721.022857,2024-01-04,2025-12-30
999,Customer_999,Other,38,Bangalore,12,107874.75,8989.5625,2024-01-14,2025-10-31
988,Customer_988,Female,58,Patna,16,107761.09,6735.068125,2024-01-01,2025-12-23
299,Customer_299,Female,63,Patna,11,107630.39,9784.580909,2024-01-10,2025-12-24
938,Customer_938,Other,20,Bangalore,14,107587.97,7684.855,2024-01-04,2025-10-07
164,Customer_164,Female,19,Patna,15,107031.63,7135.442,2024-03-04,2025-10-31
919,Customer_919,Other,58,Patna,15,106954.92,7130.328,2024-01-19,2025-11-25
471,Customer_471,Other,42,Mumbai,16,106919.64,6682.4775,2024-01-15,2025-11-24
846,Customer_846,Female,25,Kolkata,13,106910.01,8223.846923,2024-01-14,2025-10-18
278,Customer_278,Other,33,Bangalore,14,106819.05,7629.932143,2024-01-04,2025-09-15
880,Customer_880,Female,34,Kolkata,13,106624.04,8201.849231,2024-03-07,2025-12-10
939,Customer_939,Other,23,Ranchi,13,106108.79,8162.214615,2024-01-18,2025-11-06
154,Customer_154,Other,41,Mumbai,13,105156.08,8088.929231,2024-05-03,2025-12-14
207,Customer_207,Female,31,Patna,16,105036.51,6564.781875,2024-01-12,2025-09-15
567,Customer_567,Male,51,Patna,12,104801.9,8733.491667,2024-03-01,2025-12-16
268,Customer_268,Other,30,Patna,12,104343.04,8695.253333,2024-06-03,2025-08-28
679,Customer_679,Male,43,Patna,11,104233.66,9475.787273,2024-01-31,2025-11-15
321,Customer_321,Male,52,Patna,10,104067.76,10406.776,2024-10-04,2025-11-14
253,Customer_253,Other,39,Delhi,16,103887.51,6492.969375,2024-01-04,2025-12-31
923,Customer_923,Female,30,Mumbai,13,103770.21,7982.323846,2024-01-31,2025-09-27
215,Customer_215,Female,54,Mumbai,14,103678.46,7405.604286,2024-01-04,2025-12-01
538,Customer_538,Female,48,Ranchi,15,103573.33,6904.888667,2024-02-22,2025-11-29
88,Customer_88,Male,52,Patna,13,103452.32,7957.870769,2024-01-08,2025-10-03
106,Customer_106,Other,49,Bangalore,16,103410.57,6463.160625,2024-01-27,2025-10-25
881,Customer_881,Other,25,Mumbai,12,103373.14,8614.428333,2024-03-31,2025-11-25
568,Customer_568,Male,47,Bangalore,12,103260.55,8605.045833,2024-02-14,2025-10-29
541,Customer_541,Female,61,Kolkata,15,103166.72,6877.781333,2024-03-12,2025-06-18
314,Customer_314,Female,54,Kolkata,13,103064.35,7928.026923,2024-02-16,2025-09-27
123,Customer_123,Female,20,Mumbai,14,103030.18,7359.298571,2024-01-16,2025-10-31
869,Customer_869,Other,61,Mumbai,14,102795.27,7342.519286,2024-01-04,2025-12-31
921,Customer_921,Other,47,Ranchi,14,102787.39,7341.956429,2024-03-03,2025-10-18
503,Customer_503,Other,42,Ranchi,19,102676.61,5404.032105,2024-01-27,2025-12-29
506,Customer_506,Male,43,Hyderabad,11,101838.09,9258.008182,2024-02-23,2025-09-06
345,Customer_345,Male,35,Patna,13,101769.85,7828.45,2024-04-21,2025-07-12
712,Customer_712,Female,59,Ranchi,11,101563.89,9233.080909,2024-01-01,2025-11-08
187,Customer_187,Other,30,Hyderabad,15,101376.66,6758.444,2024-01-18,2025-12-18
605,Customer_605,Male,21,Mumbai,10,100946.8,10094.68,2024-02-17,2025-11-24
114,Customer_114,Other,50,Kolkata,13,100779.44,7752.264615,2024-01-31,2025-03-27
791,Customer_791,Male,64,Delhi,15,100749.09,6716.606,2024-02-18,2025-12-21
496,Customer_496,Female,40,Patna,13,100635.23,7741.171538,2024-01-05,2025-12-18
221,Customer_221,Male,18,Delhi,13,100526.57,7732.813077,2024-01-27,2025-05-12
963,Customer_963,Other,59,Bangalore,17,100197.06,5893.944706,2024-04-04,2025-12-13
230,Customer_230,Other,58,Mumbai,11,99694.4,9063.127273,2024-03-21,2025-10-12
582,Customer_582,Other,64,Mumbai,10,99377.29,9937.729,2024-05-12,2025-12-30
560,Customer_560,Male,33,Kolkata,18,99007.38,5500.41,2024-01-11,2025-11-21
375,Customer_375,Female,34,Patna,11,98702.4,8972.945455,2024-01-31,2025-12-12
197,Customer_197,Other,53,Delhi,11,98507.83,8955.257273,2024-02-10,2025-12-26
688,Customer_688,Male,57,Ranchi,14,98134.28,7009.591429,2024-01-19,2025-12-19
830,Customer_830,Female,36,Ranchi,13,97948.7,7534.515385,2024-01-09,2025-12-07
97,Customer_97,Male,62,Kolkata,9,97931.59,10881.287778,2024-05-12,2025-12-15
487,Customer_487,Female,64,Mumbai,10,97871.09,9787.109,2024-02-04,2025-12-10
909,Customer_909,Female,45,Patna,11,97646.79,8876.980909,2024-01-02,2025-08-19
784,Customer_784,Female,52,Ranchi,10,97407.61,9740.761,2024-05-18,2025-12-21
195,Customer_195,Other,29,Mumbai,13,97401.56,7492.427692,2024-01-05,2025-08-26
805,Customer_805,Female,58,Hyderabad,11,97267.18,8842.470909,2024-06-25,2025-10-28
118,Customer_118,Other,57,Patna,13,97179.62,7475.355385,2024-03-02,2025-12-05
675,Customer_675,Male,32,Ranchi,13,96890.74,7453.133846,2024-05-07,2025-08-27
950,Customer_950,Female,45,Kolkata,15,96763.59,6450.906,2024-02-05,2025-12-19
105,Customer_105,Other,31,Delhi,12,96721.88,8060.156667,2024-05-31,2025-11-05
396,Customer_396,Female,23,Kolkata,15,96665.94,6444.396,2024-03-07,2025-11-25
474,Customer_474,Male,20,Kolkata,13,96593.97,7430.305385,2024-01-26,2025-12-03
537,Customer_537,Male,31,Delhi,13,96545.61,7426.585385,2024-01-13,2025-12-07
420,Customer_420,Female,62,Bangalore,16,96508.59,6031.786875,2024-01-27,2025-12-22
859,Customer_859,Female,41,Ranchi,13,96365.18,7412.706154,2024-01-01,2025-11-22
550,Customer_550,Other,61,Mumbai,14,96324.56,6880.325714,2024-02-13,2025-10-01
232,Customer_232,Male,42,Patna,13,96319.75,7409.211538,2024-01-18,2025-11-20
340,Customer_340,Female,38,Delhi,12,96275.29,8022.940833,2024-02-18,2025-12-07
269,Customer_269,Female,47,Mumbai,11,96079.1,8734.463636,2024-06-09,2025-11-10
902,Customer_902,Male,34,Hyderabad,11,95952.76,8722.978182,2024-01-26,2025-10-09
229,Customer_229,Other,43,Kolkata,16,95850.95,5990.684375,2024-02-08,2025-11-26
855,Customer_855,Male,24,Patna,12,95708.91,7975.7425,2024-02-05,2025-09-04
666,Customer_666,Female,59,Mumbai,12,95681.68,7973.473333,2024-01-12,2025-12-26
693,Customer_693,Other,57,Kolkata,14,95484.37,6820.312143,2024-01-07,2025-12-30
51,Customer_51,Female,61,Ranchi,9,95403.22,10600.357778,2024-01-11,2025-11-16
17,Customer_17,Female,55,Ranchi,12,95247.93,7937.3275,2024-01-22,2025-05-02
383,Customer_383,Male,56,Mumbai,12,94953.47,7912.789167,2024-03-10,2025-08-23
239,Customer_239,Other,44,Mumbai,14,94823.6,6773.114286,2024-01-16,2025-11-10
349,Customer_349,Male,22,Kolkata,9,94698.55,10522.061111,2024-02-24,2025-07-03
509,Customer_509,Female,43,Mumbai,12,94498.0,7874.833333,2024-02-22,2025-12-13
179,Customer_179,Male,25,Patna,12,94496.28,7874.69,2024-01-24,2025-11-13
376,Customer_376,Female,34,Ranchi,14,94488.2,6749.157143,2024-01-09,2025-09-15
792,Customer_792,Other,32,Hyderabad,13,94212.73,7247.133077,2024-02-27,2025-05-05
914,Customer_914,Female,49,Bangalore,16,94167.86,5885.49125,2024-05-02,2025-10-27
942,Customer_942,Female,26,Bangalore,11,94104.99,8554.999091,2024-05-12,2025-10-19
193,Customer_193,Male,57,Mumbai,11,94102.46,8554.769091,2024-02-05,2025-09-25
840,Customer_840,Male,29,Delhi,13,93855.25,7219.634615,2024-01-18,2025-09-27
255,Customer_255,Male,45,Mumbai,14,93852.56,6703.754286,2024-06-04,2025-11-19
920,Customer_920,Other,30,Kolkata,13,93738.48,7210.652308,2024-04-17,2025-11-29
226,Customer_226,Female,26,Hyderabad,13,93404.17,7184.936154,2024-01-09,2025-12-18
247,Customer_247,Other,24,Patna,14,93048.45,6646.317857,2024-01-27,2025-12-21
912,Customer_912,Male,27,Hyderabad,12,92963.59,7746.965833,2024-02-09,2025-11-22
619,Customer_619,Female,21,Patna,14,92933.86,6638.132857,2024-05-07,2025-10-26
738,Customer_738,Male,49,Ranchi,12,92908.74,7742.395,2024-04-20,2025-12-29
947,Customer_947,Male,29,Ranchi,12,92883.04,7740.253333,2024-01-03,2025-12-19
973,Customer_973,Other,36,Bangalore,14,92866.43,6633.316429,2024-02-03,2025-12-26
935,Customer_935,Other,61,Kolkata,12,92838.96,7736.58,2024-01-23,2025-11-28
556,Customer_556,Female,42,Delhi,12,92522.49,7710.2075,2024-11-22,2025-10-30
71,Customer_71,Other,31,Kolkata,12,92389.89,7699.1575,2024-01-17,2025-10-09
86,Customer_86,Female,31,Bangalore,11,92381.86,8398.350909,2024-04-03,2025-09-28
628,Customer_628,Female,43,Ranchi,17,92302.58,5429.563529,2024-03-09,2025-10-07
649,Customer_649,Female,64,Ranchi,13,92101.97,7084.766923,2024-01-17,2025-11-30
22,Customer_22,Male,43,Mumbai,12,92100.98,7675.081667,2024-04-02,2025-09-02
446,Customer_446,Male,39,Kolkata,12,92039.12,7669.926667,2024-01-13,2025-10-16
267,Customer_267,Other,49,Kolkata,9,91923.5,10213.722222,2024-01-25,2025-12-20
144,Customer_144,Female,27,Kolkata,16,91824.44,5739.0275,2024-03-03,2025-11-28
822,Customer_822,Male,45,Bangalore,14,91635.62,6545.401429,2024-01-28,2025-12-30
810,Customer_810,Female,28,Bangalore,12,91596.14,7633.011667,2024-03-19,2025-11-05
76,Customer_76,Female,52,Hyderabad,14,91585.25,6541.803571,2024-01-03,2025-12-31
940,Customer_940,Male,26,Ranchi,14,91329.43,6523.530714,2024-03-30,2025-11-04
12,Customer_12,Other,28,Delhi,13,91016.08,7001.236923,2024-03-01,2025-11-07
634,Customer_634,Female,64,Hyderabad,11,90730.7,8248.245455,2024-05-01,2025-11-07
663,Customer_663,Male,42,Mumbai,16,90702.69,5668.918125,2024-02-26,2025-09-26
685,Customer_685,Male,22,Kolkata,12,90647.25,7553.9375,2024-01-07,2025-11-28
888,Customer_888,Female,48,Ranchi,11,90574.07,8234.006364,2024-01-19,2025-09-28
858,Customer_858,Male,61,Mumbai,16,90477.92,5654.87,2024-01-05,2025-08-03
182,Customer_182,Other,43,Patna,11,90406.12,8218.738182,2024-02-23,2025-07-22
467,Customer_467,Male,42,Kolkata,12,90341.77,7528.480833,2024-08-13,2025-12-28
698,Customer_698,Male,62,Mumbai,13,90241.87,6941.682308,2024-03-08,2025-10-01
74,Customer_74,Female,51,Ranchi,12,90196.71,7516.3925,2024-03-17,2025-12-02
523,Customer_523,Female,24,Bangalore,12,90156.73,7513.060833,2024-03-10,2025-09-01
422,Customer_422,Male,27,Hyderabad,12,90125.02,7510.418333,2024-02-25,2025-10-01
338,Customer_338,Female,50,Mumbai,13,90115.88,6931.990769,2024-01-31,2025-10-19
611,Customer_611,Other,56,Patna,12,89963.87,7496.989167,2024-01-12,2025-12-11
147,Customer_147,Other,50,Ranchi,14,89817.61,6415.543571,2024-03-29,2025-12-19
788,Customer_788,Female,28,Mumbai,9,89755.84,9972.871111,2024-01-28,2025-11-07
639,Customer_639,Female,59,Kolkata,14,89754.86,6411.061429,2024-03-20,2025-09-16
922,Customer_922,Female,50,Ranchi,11,89715.48,8155.952727,2024-01-10,2025-10-26
971,Customer_971,Other,42,Hyderabad,9,89541.67,9949.074444,2024-01-06,2025-11-27
452,Customer_452,Male,36,Mumbai,13,89460.17,6881.551538,2024-02-01,2025-12-15
288,Customer_288,Female,55,Kolkata,12,89426.0,7452.166667,2024-01-22,2025-10-08
149,Customer_149,Male,30,Bangalore,9,89362.98,9929.22,2024-02-26,2025-09-11
916,Customer_916,Male,19,Patna,10,89314.3,8931.43,2024-02-04,2025-10-15
279,Customer_279,Male,57,Ranchi,10,89182.64,8918.264,2024-03-25,2025-11-24
890,Customer_890,Female,49,Bangalore,17,89099.52,5241.148235,2024-03-02,2025-12-04
246,Customer_246,Other,42,Delhi,12,89098.54,7424.878333,2024-01-03,2025-11-21
379,Customer_379,Male,57,Delhi,12,89058.01,7421.500833,2024-02-05,2025-11-29
126,Customer_126,Male,59,Delhi,10,89018.16,8901.816,2024-01-04,2025-08-14
832,Customer_832,Female,20,Patna,13,88990.99,6845.460769,2024-03-15,2025-12-28
426,Customer_426,Other,38,Patna,11,88988.73,8089.884545,2024-02-10,2025-11-20
850,Customer_850,Male,46,Delhi,15,88761.96,5917.464,2024-01-08,2025-09-12
84,Customer_84,Male,58,Bangalore,12,88515.03,7376.2525,2024-01-15,2025-09-09
317,Customer_317,Female,45,Hyderabad,16,88487.38,5530.46125,2024-02-01,2025-12-15
479,Customer_479,Male,55,Bangalore,12,88398.77,7366.564167,2024-06-10,2025-11-26
68,Customer_68,Female,48,Bangalore,10,88386.09,8838.609,2024-01-07,2025-11-25
292,Customer_292,Male,46,Hyderabad,10,88338.1,8833.81,2024-01-30,2025-08-25
657,Customer_657,Female,58,Bangalore,13,88282.67,6790.974615,2024-01-10,2025-11-19
29,Customer_29,Other,36,Mumbai,11,88278.35,8025.304545,2024-01-19,2025-07-14
897,Customer_897,Male,25,Hyderabad,15,88248.52,5883.234667,2024-01-17,2025-12-18
436,Customer_436,Female,28,Mumbai,10,88234.2,8823.42,2024-01-12,2025-09-02
993,Customer_993,Female,46,Kolkata,13,88143.2,6780.246154,2024-01-04,2025-11-15
101,Customer_101,Other,57,Delhi,15,87966.22,5864.414667,2024-02-20,2025-10-05
528,Customer_528,Female,35,Delhi,16,87351.85,5459.490625,2024-01-05,2025-12-16
273,Customer_273,Male,47,Patna,15,87318.66,5821.244,2024-01-31,2025-08-22
799,Customer_799,Other,51,Kolkata,16,87192.88,5449.555,2024-01-02,2025-10-27
844,Customer_844,Female,33,Bangalore,11,87127.12,7920.647273,2024-03-08,2025-09-26
726,Customer_726,Male,47,Mumbai,17,87067.52,5121.618824,2024-01-18,2025-10-05
447,Customer_447,Female,22,Patna,11,87020.0,7910.909091,2024-07-14,2025-12-14
65,Customer_65,Female,55,Hyderabad,13,87007.03,6692.848462,2024-03-15,2025-12-29
586,Customer_586,Male,56,Mumbai,10,86995.5,8699.55,2024-01-07,2025-12-01
457,Customer_457,Female,60,Ranchi,10,86954.32,8695.432,2024-04-12,2025-10-16
113,Customer_113,Male,34,Delhi,11,86933.33,7903.03,2024-01-14,2025-12-27
833,Customer_833,Female,18,Mumbai,13,86890.46,6683.881538,2024-03-27,2025-11-02
472,Customer_472,Female,56,Kolkata,11,86862.46,7896.587273,2024-02-23,2025-12-01
519,Customer_519,Male,39,Patna,8,86710.77,10838.84625,2024-02-24,2025-12-09
843,Customer_843,Other,61,Mumbai,12,86696.51,7224.709167,2024-02-14,2025-10-04
425,Customer_425,Male,43,Delhi,12,86656.7,7221.391667,2024-01-28,2025-12-02
813,Customer_813,Female,64,Kolkata,9,86636.28,9626.253333,2024-01-26,2025-10-12
889,Customer_889,Male,55,Kolkata,13,86598.9,6661.453846,2025-01-10,2025-11-25
540,Customer_540,Female,52,Patna,13,86591.85,6660.911538,2024-01-18,2025-12-13
615,Customer_615,Other,30,Patna,13,86329.49,6640.73,2024-01-28,2025-11-13
222,Customer_222,Other,57,Ranchi,9,86313.4,9590.377778,2024-01-22,2025-07-17
514,Customer_514,Male,24,Kolkata,10,86272.79,8627.279,2024-03-29,2025-11-30
602,Customer_602,Other,26,Mumbai,12,86205.45,7183.7875,2024-08-25,2025-07-25
327,Customer_327,Male,60,Ranchi,14,86050.94,6146.495714,2024-06-26,2025-12-12
661,Customer_661,Other,26,Mumbai,12,86020.03,7168.335833,2024-02-25,2025-12-23
178,Customer_178,Female,23,Ranchi,9,85788.51,9532.056667,2024-01-11,2025-10-08
307,Customer_307,Male,25,Bangalore,10,85617.6,8561.76,2024-01-05,2025-12-14
708,Customer_708,Other,30,Kolkata,12,85545.71,7128.809167,2024-01-16,2025-12-01
326,Customer_326,Female,63,Kolkata,13,85392.46,6568.650769,2024-03-22,2025-10-17
79,Customer_79,Other,57,Kolkata,15,85315.16,5687.677333,2024-02-01,2025-12-04
793,Customer_793,Male,49,Delhi,12,85016.36,7084.696667,2024-02-11,2025-10-18
58,Customer_58,Male,54,Ranchi,13,84947.01,6534.385385,2024-01-18,2025-08-03
946,Customer_946,Other,58,Hyderabad,12,84884.65,7073.720833,2024-03-02,2025-10-17
92,Customer_92,Male,36,Kolkata,11,84667.98,7697.089091,2024-03-15,2025-07-21
975,Customer_975,Male,53,Delhi,11,84588.39,7689.853636,2024-07-18,2025-10-19
355,Customer_355,Male,40,Hyderabad,14,84550.12,6039.294286,2024-02-12,2025-12-19
717,Customer_717,Female,22,Hyderabad,11,84479.84,7679.985455,2024-01-08,2025-11-14
743,Customer_743,Other,34,Delhi,13,84293.34,6484.103077,2024-01-24,2025-09-08
276,Customer_276,Male,46,Patna,14,84283.27,6020.233571,2024-02-06,2025-11-13
913,Customer_913,Male,57,Kolkata,14,84276.32,6019.737143,2024-01-06,2025-09-14
721,Customer_721,Female,40,Ranchi,11,84171.89,7651.99,2024-04-29,2025-12-26
895,Customer_895,Female,55,Mumbai,10,84160.61,8416.061,2024-03-30,2025-12-16
99,Customer_99,Male,42,Kolkata,10,84028.59,8402.859,2024-01-15,2025-07-14
334,Customer_334,Other,35,Bangalore,12,83770.01,6980.834167,2024-02-12,2025-11-03
325,Customer_325,Other,49,Ranchi,14,83659.21,5975.657857,2024-02-21,2025-12-21
917,Customer_917,Other,50,Bangalore,14,83572.55,5969.467857,2024-03-02,2025-11-13
575,Customer_575,Female,56,Kolkata,12,83554.18,6962.848333,2024-03-17,2025-12-28
186,Customer_186,Male,43,Hyderabad,10,83388.21,8338.821,2024-08-08,2025-12-21
371,Customer_371,Female,47,Bangalore,13,83368.86,6412.989231,2024-02-07,2025-12-14
800,Customer_800,Other,46,Delhi,12,83367.74,6947.311667,2024-03-29,2025-10-19
211,Customer_211,Male,28,Mumbai,16,83346.66,5209.16625,2024-01-24,2025-07-28
546,Customer_546,Female,60,Delhi,12,83314.38,6942.865,2024-01-10,2025-12-02
310,Customer_310,Male,41,Ranchi,11,83287.51,7571.591818,2024-01-12,2025-11-03
985,Customer_985,Male,39,Kolkata,11,83217.68,7565.243636,2024-02-23,2025-10-01
56,Customer_56,Other,37,Patna,16,83168.8,5198.05,2024-03-29,2025-12-06
260,Customer_260,Male,58,Kolkata,10,83168.02,8316.802,2024-03-08,2025-10-23
967,Customer_967,Other,29,Delhi,11,82923.64,7538.512727,2024-02-10,2025-08-24
200,Customer_200,Male,54,Delhi,10,82922.27,8292.227,2024-02-25,2025-10-29
482,Customer_482,Female,36,Ranchi,12,82838.83,6903.235833,2024-05-02,2025-10-10
421,Customer_421,Other,24,Kolkata,12,82782.1,6898.508333,2024-01-30,2025-07-05
161,Customer_161,Other,21,Mumbai,12,82744.58,6895.381667,2024-01-03,2025-08-21
434,Customer_434,Female,46,Hyderabad,13,82720.56,6363.12,2024-01-29,2025-10-27
592,Customer_592,Other,62,Kolkata,11,82629.61,7511.782727,2024-02-04,2025-10-17
128,Customer_128,Male,64,Ranchi,14,82623.77,5901.697857,2024-02-16,2025-12-16
356,Customer_356,Other,29,Delhi,12,82609.28,6884.106667,2024-01-02,2025-12-06
893,Customer_893,Male,42,Ranchi,15,82532.77,5502.184667,2024-01-04,2025-09-24
235,Customer_235,Male,55,Patna,12,82509.9,6875.825,2024-03-19,2025-12-15
868,Customer_868,Other,34,Kolkata,9,82471.81,9163.534444,2024-02-24,2025-08-08
289,Customer_289,Female,21,Ranchi,13,82401.36,6338.566154,2024-01-09,2025-12-20
19,Customer_19,Female,32,Kolkata,13,82350.53,6334.656154,2024-02-03,2025-12-21
853,Customer_853,Female,44,Mumbai,13,82336.62,6333.586154,2024-01-04,2025-10-29
443,Customer_443,Female,51,Delhi,12,82257.38,6854.781667,2024-03-26,2025-11-30
768,Customer_768,Male,21,Mumbai,11,82176.29,7470.571818,2024-04-14,2025-12-05
103,Customer_103,Other,56,Kolkata,11,82148.03,7468.002727,2024-07-17,2025-10-30
169,Customer_169,Male,43,Kolkata,11,82064.01,7460.364545,2024-01-02,2025-11-20
413,Customer_413,Female,44,Delhi,10,81961.89,8196.189,2024-06-12,2025-08-03
981,Customer_981,Other,35,Mumbai,12,81875.57,6822.964167,2024-07-08,2025-11-02
483,Customer_483,Female,54,Mumbai,10,81838.5,8183.85,2024-05-31,2025-12-30
31,Customer_31,Female,50,Ranchi,11,81797.5,7436.136364,2024-02-05,2025-12-23
291,Customer_291,Female,25,Ranchi,8,81757.67,10219.70875,2024-01-22,2025-12-20
331,Customer_331,Male,38,Ranchi,12,81694.47,6807.8725,2024-04-10,2025-11-04
878,Customer_878,Female,28,Bangalore,10,81694.37,8169.437,2024-01-10,2025-12-21
763,Customer_763,Male,39,Kolkata,11,81686.07,7426.006364,2024-01-25,2025-11-02
836,Customer_836,Other,51,Kolkata,14,81665.36,5833.24,2024-01-01,2025-12-31
848,Customer_848,Male,42,Kolkata,13,81238.29,6249.099231,2024-02-01,2025-12-08
294,Customer_294,Male,20,Kolkata,10,81190.23,8119.023,2024-02-24,2025-08-05
808,Customer_808,Female,46,Ranchi,10,80902.74,8090.274,2024-03-31,2025-12-20
236,Customer_236,Female,19,Bangalore,11,80886.92,7353.356364,2024-03-12,2025-11-23
772,Customer_772,Male,39,Delhi,10,80669.12,8066.912,2024-01-18,2025-06-03
60,Customer_60,Other,34,Patna,8,80637.6,10079.7,2024-01-21,2025-11-09
596,Customer_596,Male,35,Ranchi,12,80307.28,6692.273333,2024-03-12,2025-04-23
612,Customer_612,Female,63,Delhi,12,80213.92,6684.493333,2024-01-10,2025-10-30
854,Customer_854,Male,63,Hyderabad,10,80173.98,8017.398,2024-02-09,2025-10-05
573,Customer_573,Other,49,Kolkata,15,80107.21,5340.480667,2024-02-22,2025-07-25
795,Customer_795,Female,40,Hyderabad,9,80071.4,8896.822222,2024-01-01,2025-09-10
303,Customer_303,Male,45,Bangalore,9,80040.66,8893.406667,2024-03-28,2025-12-23
831,Customer_831,Female,22,Patna,11,79897.7,7263.427273,2024-01-14,2025-10-08
44,Customer_44,Male,20,Mumbai,11,79771.34,7251.94,2024-01-04,2025-11-22
192,Customer_192,Female,64,Mumbai,16,79751.01,4984.438125,2024-02-07,2025-11-16
366,Customer_366,Female,39,Delhi,10,79744.88,7974.488,2024-01-15,2025-09-07
584,Customer_584,Male,47,Bangalore,9,79728.91,8858.767778,2024-01-11,2025-05-24
191,Customer_191,Male,50,Patna,12,79723.14,6643.595,2024-02-23,2025-09-20
960,Customer_960,Male,43,Bangalore,11,79666.64,7242.421818,2024-05-11,2025-12-30
463,Customer_463,Male,26,Bangalore,11,79597.52,7236.138182,2024-02-03,2025-12-07
444,Customer_444,Male,64,Bangalore,13,79416.15,6108.934615,2024-01-21,2025-12-13
597,Customer_597,Other,54,Bangalore,10,79367.23,7936.723,2024-04-01,2025-11-08
801,Customer_801,Female,21,Hyderabad,10,79367.13,7936.713,2024-01-30,2025-11-20
216,Customer_216,Female,38,Patna,9,79269.42,8807.713333,2024-06-30,2025-08-21
697,Customer_697,Other,30,Hyderabad,10,79250.58,7925.058,2024-01-21,2025-11-04
583,Customer_583,Other,27,Ranchi,10,79171.48,7917.148,2024-01-09,2025-12-30
416,Customer_416,Male,44,Delhi,13,78941.99,6072.460769,2024-01-17,2025-11-04
53,Customer_53,Female,30,Ranchi,9,78842.35,8760.261111,2024-02-07,2025-07-12
336,Customer_336,Male,27,Kolkata,14,78735.88,5623.991429,2024-03-24,2025-06-28
588,Customer_588,Male,22,Patna,11,78237.39,7112.49,2024-02-04,2025-11-02
311,Customer_311,Male,40,Kolkata,11,78231.11,7111.919091,2024-04-19,2025-11-02
710,Customer_710,Other,62,Patna,11,78222.34,7111.121818,2024-06-09,2025-12-03
662,Customer_662,Male,20,Delhi,12,78216.81,6518.0675,2024-03-02,2025-12-11
559,Customer_559,Other,50,Bangalore,9,78172.2,8685.8,2024-03-17,2025-12-28
837,Customer_837,Other,52,Delhi,11,77871.91,7079.264545,2024-02-19,2025-12-02
794,Customer_794,Male,28,Kolkata,11,77780.2,7070.927273,2024-01-19,2025-10-29
194,Customer_194,Male,60,Delhi,8,77749.81,9718.72625,2024-01-24,2025-12-05
48,Customer_48,Male,22,Mumbai,8,77721.38,9715.1725,2024-05-20,2025-11-27
357,Customer_357,Male,37,Mumbai,10,77695.96,7769.596,2024-03-15,2025-07-10
364,Customer_364,Female,61,Hyderabad,14,77660.97,5547.212143,2024-02-06,2025-12-06
617,Customer_617,Other,42,Patna,11,77532.8,7048.436364,2024-04-23,2025-08-08
173,Customer_173,Other,37,Hyderabad,9,77120.08,8568.897778,2024-01-22,2025-12-18
337,Customer_337,Male,24,Patna,11,77075.66,7006.878182,2024-02-23,2025-12-21
607,Customer_607,Female,54,Delhi,11,77026.81,7002.437273,2024-02-16,2025-11-26
141,Customer_141,Other,21,Delhi,15,77019.91,5134.660667,2024-01-17,2025-11-05
480,Customer_480,Other,51,Patna,16,76951.06,4809.44125,2024-02-27,2025-09-16
945,Customer_945,Other,49,Bangalore,14,76918.91,5494.207857,2024-01-01,2025-10-23
915,Customer_915,Male,50,Patna,13,76899.63,5915.356154,2024-01-24,2025-11-26
170,Customer_170,Female,60,Mumbai,8,76638.6,9579.825,2024-03-12,2025-10-25
67,Customer_67,Female,47,Delhi,9,76606.5,8511.833333,2024-03-05,2025-11-20
533,Customer_533,Other,35,Patna,9,76544.56,8504.951111,2024-10-23,2025-12-21
401,Customer_401,Female,58,Bangalore,11,76514.13,6955.83,2024-01-18,2025-12-27
986,Customer_986,Male,54,Delhi,10,76512.65,7651.265,2024-03-09,2025-10-27
658,Customer_658,Other,20,Ranchi,16,76451.2,4778.2,2024-04-29,2025-12-01
96,Customer_96,Male,42,Ranchi,10,76445.44,7644.544,2024-02-15,2025-12-12
372,Customer_372,Other,63,Ranchi,9,76417.88,8490.875556,2024-02-09,2025-07-27
664,Customer_664,Female,51,Patna,10,76238.44,7623.844,2024-01-13,2025-10-05
798,Customer_798,Female,63,Ranchi,14,76010.92,5429.351429,2024-01-01,2025-12-24
543,Customer_543,Other,51,Ranchi,10,75848.38,7584.838,2024-01-13,2025-10-30
125,Customer_125,Other,25,Mumbai,11,75584.28,6871.298182,2024-03-18,2025-08-10
393,Customer_393,Male,40,Mumbai,11,75488.95,6862.631818,2024-01-19,2025-09-17
249,Customer_249,Female,41,Hyderabad,9,75429.49,8381.054444,2024-05-22,2025-08-02
16,Customer_16,Male,47,Mumbai,10,75419.47,7541.947,2024-02-14,2025-08-29
176,Customer_176,Male,57,Delhi,8,75392.78,9424.0975,2024-03-03,2025-10-16
265,Customer_265,Female,24,Delhi,10,75276.38,7527.638,2024-01-09,2025-12-24
455,Customer_455,Male,34,Patna,11,75223.16,6838.469091,2024-02-15,2025-11-30
508,Customer_508,Other,62,Hyderabad,11,75186.71,6835.155455,2024-04-20,2025-10-13
25,Customer_25,Male,22,Hyderabad,14,74962.13,5354.437857,2024-01-01,2025-11-15
315,Customer_315,Other,20,Bangalore,11,74857.58,6805.234545,2024-02-15,2025-11-09
495,Customer_495,Female,34,Hyderabad,13,74773.67,5751.820769,2024-01-17,2025-11-01
631,Customer_631,Male,23,Mumbai,8,74751.87,9343.98375,2024-06-26,2025-10-22
339,Customer_339,Male,40,Mumbai,13,74600.5,5738.5,2024-01-11,2025-08-28
453,Customer_453,Female,52,Hyderabad,9,74566.61,8285.178889,2024-01-24,2025-11-04
622,Customer_622,Female,46,Bangalore,11,74439.16,6767.196364,2024-04-27,2025-09-06
302,Customer_302,Male,40,Bangalore,11,74438.0,6767.090909,2024-01-23,2025-12-18
104,Customer_104,Male,57,Kolkata,13,74291.32,5714.716923,2024-01-08,2025-12-03
899,Customer_899,Female,39,Delhi,11,74250.87,6750.079091,2024-02-10,2025-12-08
295,Customer_295,Male,49,Hyderabad,8,74229.01,9278.62625,2024-02-15,2025-08-29
638,Customer_638,Male,37,Kolkata,8,74166.11,9270.76375,2024-03-01,2025-11-08
382,Customer_382,Other,42,Hyderabad,13,74054.96,5696.535385,2024-02-11,2025-06-08
534,Customer_534,Other,59,Patna,11,74010.91,6728.264545,2024-01-01,2025-12-22
696,Customer_696,Female,44,Patna,9,74005.29,8222.81,2024-02-03,2025-08-11
883,Customer_883,Male,35,Mumbai,8,73955.56,9244.445,2024-02-25,2025-11-18
924,Customer_924,Female,43,Mumbai,11,73878.55,6716.231818,2024-02-01,2025-12-23
804,Customer_804,Female,30,Delhi,13,73874.71,5682.67,2024-02-27,2025-11-06
4,Customer_4,Other,54,Ranchi,9,73867.47,8207.496667,2024-01-22,2025-11-20
344,Customer_344,Male,46,Delhi,9,73821.87,8202.43,2024-01-19,2025-07-23
709,Customer_709,Male,60,Patna,10,73809.65,7380.965,2024-05-05,2025-03-22
110,Customer_110,Female,32,Kolkata,9,73693.46,8188.162222,2024-06-28,2025-10-20
691,Customer_691,Other,46,Kolkata,9,73637.53,8181.947778,2024-04-19,2025-12-29
256,Customer_256,Other,38,Hyderabad,9,73570.77,8174.53,2024-01-31,2025-09-08
132,Customer_132,Male,56,Delhi,11,73546.47,6686.042727,2024-01-12,2025-11-08
504,Customer_504,Female,29,Ranchi,12,73464.38,6122.031667,2024-01-16,2025-12-25
678,Customer_678,Male,22,Patna,10,73461.36,7346.136,2024-03-16,2025-07-01
520,Customer_520,Other,24,Ranchi,14,73335.88,5238.277143,2024-03-21,2025-10-29
157,Customer_157,Other,25,Hyderabad,7,73222.7,10460.385714,2024-04-02,2025-09-25
70,Customer_70,Male,61,Delhi,11,73134.28,6648.570909,2024-02-25,2025-08-22
330,Customer_330,Other,54,Bangalore,13,73087.96,5622.150769,2024-02-04,2025-11-23
138,Customer_138,Other,54,Bangalore,11,73061.73,6641.975455,2024-01-28,2025-11-29
820,Customer_820,Other,34,Kolkata,12,73047.27,6087.2725,2024-02-29,2025-11-02
115,Customer_115,Male,64,Kolkata,11,73036.71,6639.700909,2024-01-29,2025-09-21
948,Customer_948,Other,25,Patna,10,72994.45,7299.445,2024-01-23,2025-11-28
42,Customer_42,Other,30,Patna,12,72981.79,6081.815833,2024-07-17,2025-12-07
887,Customer_887,Male,64,Kolkata,12,72927.33,6077.2775,2024-01-08,2025-12-15
139,Customer_139,Other,44,Ranchi,13,72669.95,5589.996154,2024-01-23,2025-06-19
774,Customer_774,Other,27,Delhi,8,72553.29,9069.16125,2024-01-10,2025-09-27
57,Customer_57,Other,18,Kolkata,12,72544.22,6045.351667,2024-03-18,2025-10-19
309,Customer_309,Other,20,Hyderabad,9,72484.81,8053.867778,2024-06-25,2025-09-29
555,Customer_555,Male,39,Delhi,10,72439.81,7243.981,2024-01-29,2025-10-24
852,Customer_852,Male,32,Delhi,10,72426.4,7242.64,2024-03-03,2025-11-24
744,Customer_744,Male,57,Bangalore,7,72313.67,10330.524286,2024-03-17,2025-12-08
14,Customer_14,Other,32,Delhi,10,72296.06,7229.606,2024-08-01,2025-11-27
976,Customer_976,Male,62,Ranchi,9,72282.93,8031.436667,2024-01-31,2025-10-27
343,Customer_343,Other,53,Mumbai,11,72089.21,6553.564545,2024-03-06,2025-12-06
570,Customer_570,Male,30,Bangalore,11,72049.75,6549.977273,2024-01-07,2025-12-12
386,Customer_386,Female,60,Ranchi,8,72015.71,9001.96375,2024-02-01,2025-12-29
438,Customer_438,Male,28,Mumbai,11,72012.44,6546.585455,2024-02-12,2025-11-20
600,Customer_600,Male,63,Mumbai,9,71994.45,7999.383333,2024-03-04,2025-12-23
201,Customer_201,Male,25,Patna,10,71980.52,7198.052,2024-01-19,2025-09-23
751,Customer_751,Other,36,Hyderabad,8,71970.21,8996.27625,2024-01-09,2025-12-30
929,Customer_929,Female,56,Bangalore,13,71906.97,5531.305385,2024-02-29,2025-10-24
419,Customer_419,Other,29,Hyderabad,9,71895.74,7988.415556,2024-02-10,2025-04-29
296,Customer_296,Female,27,Bangalore,13,71805.08,5523.467692,2024-01-01,2025-11-20
414,Customer_414,Female,48,Hyderabad,10,71781.32,7178.132,2024-02-13,2025-11-23
956,Customer_956,Female,33,Mumbai,12,71727.92,5977.326667,2024-02-20,2025-06-30
52,Customer_52,Male,19,Patna,13,71562.56,5504.812308,2024-01-24,2025-11-01
233,Customer_233,Other,43,Patna,9,71556.25,7950.694444,2024-04-07,2025-12-24
865,Customer_865,Other,47,Ranchi,12,71370.92,5947.576667,2024-01-17,2025-11-08
905,Customer_905,Other,49,Ranchi,12,71370.46,5947.538333,2024-01-05,2025-12-25
834,Customer_834,Female,55,Patna,14,71363.52,5097.394286,2024-03-21,2025-12-30
630,Customer_630,Female,20,Ranchi,10,71345.08,7134.508,2024-03-02,2025-11-28
1,Customer_1,Other,20,Mumbai,11,71313.67,6483.060909,2024-05-10,2025-10-15
155,Customer_155,Male,32,Ranchi,12,71305.11,5942.0925,2024-09-07,2025-12-27
7,Customer_7,Other,48,Kolkata,13,71293.73,5484.133077,2024-05-11,2025-08-26
208,Customer_208,Other,57,Ranchi,12,71164.77,5930.3975,2024-01-09,2025-10-11
264,Customer_264,Other,57,Delhi,7,71069.89,10152.841429,2024-09-19,2025-10-26
867,Customer_867,Male,24,Hyderabad,7,71035.18,10147.882857,2024-01-08,2025-09-02
911,Customer_911,Other,50,Hyderabad,8,70916.26,8864.5325,2024-02-26,2025-12-08
623,Customer_623,Female,62,Bangalore,10,70765.46,7076.546,2024-03-20,2025-11-16
680,Customer_680,Female,35,Bangalore,11,70729.84,6429.985455,2024-02-25,2025-10-08
13,Customer_13,Male,21,Bangalore,13,70716.62,5439.74,2024-02-17,2025-12-24
770,Customer_770,Other,34,Delhi,10,70712.11,7071.211,2024-05-24,2025-12-31
594,Customer_594,Other,47,Delhi,7,70668.15,10095.45,2024-03-14,2025-02-07
212,Customer_212,Male,40,Patna,10,70592.44,7059.244,2024-01-01,2025-12-04
511,Customer_511,Other,49,Patna,12,70562.11,5880.175833,2024-01-13,2025-12-10
306,Customer_306,Female,46,Hyderabad,11,70543.45,6413.040909,2024-02-29,2025-10-19
266,Customer_266,Female,18,Bangalore,10,70449.04,7044.904,2024-01-11,2025-12-18
424,Customer_424,Male,34,Mumbai,7,70376.55,10053.792857,2024-04-22,2025-10-18
499,Customer_499,Female,23,Kolkata,12,70361.94,5863.495,2024-01-09,2025-08-05
23,Customer_23,Female,62,Kolkata,9,70187.21,7798.578889,2024-02-23,2025-11-20
595,Customer_595,Male,21,Hyderabad,8,70165.68,8770.71,2024-04-12,2025-10-23
753,Customer_753,Other,24,Mumbai,12,70079.98,5839.998333,2024-01-18,2025-12-05
926,Customer_926,Female,56,Ranchi,9,69862.38,7762.486667,2024-01-21,2025-12-16
521,Customer_521,Male,31,Hyderabad,12,69847.46,5820.621667,2024-01-22,2025-09-19
604,Customer_604,Other,41,Kolkata,10,69743.11,6974.311,2024-01-30,2025-12-24
134,Customer_134,Female,53,Bangalore,10,69673.52,6967.352,2024-04-05,2025-09-10
552,Customer_552,Male,32,Ranchi,8,69653.74,8706.7175,2024-01-18,2025-09-23
544,Customer_544,Male,20,Patna,9,69626.37,7736.263333,2024-03-08,2025-11-17
180,Customer_180,Male,40,Ranchi,10,69447.39,6944.739,2024-05-26,2025-09-18
668,Customer_668,Other,32,Hyderabad,12,69380.63,5781.719167,2024-01-10,2025-12-02
441,Customer_441,Female,57,Hyderabad,12,69304.94,5775.411667,2024-01-13,2025-12-03
750,Customer_750,Female,23,Kolkata,9,69242.26,7693.584444,2024-05-22,2025-09-08
841,Customer_841,Female,35,Mumbai,8,69195.59,8649.44875,2024-03-17,2025-10-11
616,Customer_616,Male,51,Delhi,10,69141.44,6914.144,2024-01-09,2025-12-07
576,Customer_576,Male,63,Mumbai,8,69115.86,8639.4825,2024-02-29,2025-10-08
137,Customer_137,Female,50,Ranchi,11,69056.33,6277.848182,2024-01-01,2025-03-27
652,Customer_652,Male,21,Mumbai,7,69014.07,9859.152857,2024-11-28,2025-12-05
85,Customer_85,Male,54,Mumbai,11,68914.91,6264.991818,2024-02-13,2025-10-16
522,Customer_522,Male,32,Kolkata,13,68842.06,5295.543077,2024-03-21,2025-10-24
761,Customer_761,Male,54,Delhi,12,68825.44,5735.453333,2024-01-17,2025-12-08
130,Customer_130,Female,50,Mumbai,16,68809.89,4300.618125,2024-01-19,2025-10-23
875,Customer_875,Other,19,Hyderabad,7,68775.82,9825.117143,2024-01-27,2025-11-17
982,Customer_982,Male,23,Mumbai,9,68709.8,7634.422222,2024-04-26,2025-12-24
352,Customer_352,Male,59,Ranchi,9,68575.7,7619.522222,2024-02-20,2025-11-25
77,Customer_77,Female,52,Delhi,10,68522.58,6852.258,2024-04-03,2025-11-07
739,Customer_739,Female,30,Mumbai,10,68485.27,6848.527,2024-01-23,2025-12-31
907,Customer_907,Female,33,Ranchi,8,68382.85,8547.85625,2024-03-06,2025-10-16
225,Customer_225,Male,64,Ranchi,11,68319.05,6210.822727,2024-05-18,2025-11-06
997,Customer_997,Female,29,Hyderabad,8,68289.3,8536.1625,2024-02-09,2025-03-24
205,Customer_205,Female,26,Bangalore,10,68244.03,6824.403,2024-04-04,2025-12-23
285,Customer_285,Male,19,Ranchi,9,68166.58,7574.064444,2024-01-17,2025-11-23
184,Customer_184,Male,60,Mumbai,10,68099.68,6809.968,2024-04-12,2025-07-26
711,Customer_711,Female,42,Hyderabad,9,68080.23,7564.47,2024-01-03,2025-07-31
769,Customer_769,Male,44,Ranchi,9,68064.81,7562.756667,2024-02-04,2025-09-27
682,Customer_682,Female,54,Kolkata,9,68025.05,7558.338889,2024-03-08,2025-07-28
650,Customer_650,Other,42,Bangalore,11,67654.51,6150.41,2024-04-11,2025-12-27
722,Customer_722,Other,59,Patna,11,67587.02,6144.274545,2024-01-06,2025-09-06
796,Customer_796,Male,43,Ranchi,8,67552.2,8444.025,2024-03-01,2025-08-09
162,Customer_162,Other,29,Hyderabad,9,67478.43,7497.603333,2024-06-10,2025-12-12
181,Customer_181,Male,64,Hyderabad,14,67380.38,4812.884286,2024-01-19,2025-08-11
787,Customer_787,Male,46,Hyderabad,10,67304.56,6730.456,2024-04-25,2025-11-17
363,Customer_363,Female,51,Patna,10,67275.92,6727.592,2024-02-04,2025-12-26
625,Customer_625,Male,27,Patna,9,67170.81,7463.423333,2024-02-23,2025-08-10
727,Customer_727,Male,56,Hyderabad,8,67048.92,8381.115,2024-02-06,2025-09-19
821,Customer_821,Male,61,Hyderabad,7,66968.58,9566.94,2024-02-12,2025-10-26
624,Customer_624,Male,63,Delhi,7,66962.25,9566.035714,2024-01-18,2025-09-09
723,Customer_723,Male,27,Patna,7,66922.44,9560.348571,2024-01-26,2025-08-26
428,Customer_428,Male,63,Ranchi,11,66849.01,6077.182727,2024-03-28,2025-11-21
259,Customer_259,Other,37,Bangalore,8,66829.24,8353.655,2024-02-04,2025-09-03
525,Customer_525,Male,25,Ranchi,9,66696.15,7410.683333,2024-03-19,2025-12-09
209,Customer_209,Male,58,Ranchi,11,66660.41,6060.037273,2024-01-28,2025-12-25
581,Customer_581,Male,61,Patna,8,66496.66,8312.0825,2024-12-01,2025-12-04
517,Customer_517,Other,43,Kolkata,9,66395.34,7377.26,2024-02-19,2025-12-25
884,Customer_884,Male,47,Patna,13,66339.79,5103.060769,2024-01-21,2025-11-04
699,Customer_699,Male,50,Hyderabad,13,66253.74,5096.441538,2024-01-27,2025-11-21
502,Customer_502,Female,35,Ranchi,12,66124.61,5510.384167,2024-03-14,2025-12-28
275,Customer_275,Male,62,Mumbai,11,65940.04,5994.549091,2024-01-25,2025-11-29
660,Customer_660,Female,46,Mumbai,9,65896.13,7321.792222,2024-01-19,2025-01-30
826,Customer_826,Other,33,Bangalore,10,65890.3,6589.03,2024-02-01,2025-09-15
328,Customer_328,Female,33,Kolkata,9,65852.95,7316.994444,2024-02-08,2025-12-25
129,Customer_129,Other,46,Kolkata,14,65824.88,4701.777143,2024-03-02,2025-12-14
740,Customer_740,Female,63,Ranchi,9,65808.74,7312.082222,2024-01-22,2025-11-26
50,Customer_50,Female,27,Ranchi,7,65788.33,9398.332857,2024-08-02,2025-07-16
308,Customer_308,Other,18,Hyderabad,9,65591.0,7287.888889,2024-02-03,2025-10-30
842,Customer_842,Male,32,Hyderabad,9,65537.15,7281.905556,2024-06-11,2025-11-22
561,Customer_561,Other,62,Patna,12,65480.32,5456.693333,2024-05-24,2025-12-12
989,Customer_989,Male,20,Delhi,9,65341.43,7260.158889,2024-01-26,2025-12-21
218,Customer_218,Other,63,Delhi,11,65208.0,5928.0,2024-03-30,2025-09-13
210,Customer_210,Male,39,Delhi,12,65200.02,5433.335,2024-03-01,2025-11-30
640,Customer_640,Other,52,Ranchi,10,65061.42,6506.142,2024-08-03,2025-11-05
297,Customer_297,Female,27,Hyderabad,8,65022.14,8127.7675,2024-01-17,2025-07-24
109,Customer_109,Male,40,Ranchi,14,64793.73,4628.123571,2024-04-01,2025-12-28
150,Customer_150,Male,48,Bangalore,8,64728.34,8091.0425,2024-01-10,2025-12-27
809,Customer_809,Male,46,Bangalore,9,64727.25,7191.916667,2024-01-23,2025-12-15
671,Customer_671,Male,22,Hyderabad,10,64653.82,6465.382,2024-01-31,2025-07-19
554,Customer_554,Male,46,Bangalore,10,64627.6,6462.76,2024-02-07,2025-11-01
183,Customer_183,Female,63,Hyderabad,9,64547.33,7171.925556,2024-05-20,2025-10-29
579,Customer_579,Male,61,Delhi,8,64446.65,8055.83125,2024-04-01,2025-12-13
442,Customer_442,Other,52,Delhi,14,64418.81,4601.343571,2024-01-12,2025-12-19
974,Customer_974,Female,63,Mumbai,10,64122.36,6412.236,2024-01-16,2025-12-09
995,Customer_995,Female,50,Bangalore,7,64099.65,9157.092857,2024-02-20,2025-10-02
983,Customer_983,Female,35,Mumbai,8,64056.39,8007.04875,2024-03-22,2025-12-27
987,Customer_987,Male,49,Patna,7,63711.16,9101.594286,2024-01-06,2025-12-29
313,Customer_313,Other,64,Delhi,11,63688.3,5789.845455,2024-01-27,2025-08-24
248,Customer_248,Other,23,Patna,10,63625.04,6362.504,2024-08-03,2025-12-18
117,Customer_117,Male,31,Hyderabad,9,63576.55,7064.061111,2024-02-11,2025-12-25
892,Customer_892,Male,62,Delhi,9,63556.05,7061.783333,2024-01-17,2025-11-02
984,Customer_984,Male,36,Patna,11,63550.3,5777.3,2024-01-10,2025-12-15
590,Customer_590,Female,47,Bangalore,8,63521.01,7940.12625,2024-05-12,2025-12-18
674,Customer_674,Female,41,Bangalore,8,63408.75,7926.09375,2024-04-13,2025-10-27
26,Customer_26,Male,23,Mumbai,10,63363.22,6336.322,2024-01-27,2025-11-08
790,Customer_790,Female,23,Patna,14,63329.65,4523.546429,2024-01-28,2025-11-29
217,Customer_217,Female,43,Hyderabad,10,63213.55,6321.355,2024-07-27,2025-12-06
10,Customer_10,Other,37,Kolkata,11,63087.76,5735.250909,2024-04-19,2025-12-19
571,Customer_571,Other,35,Hyderabad,9,63054.41,7006.045556,2024-04-20,2025-11-03
643,Customer_643,Female,41,Kolkata,10,62960.68,6296.068,2024-02-01,2025-12-29
863,Customer_863,Other,32,Mumbai,8,62875.04,7859.38,2024-04-27,2025-12-11
135,Customer_135,Other,46,Patna,8,62821.47,7852.68375,2024-04-30,2025-07-24
461,Customer_461,Male,19,Delhi,9,62699.58,6966.62,2024-06-13,2025-12-01
427,Customer_427,Female,45,Ranchi,12,62640.49,5220.040833,2024-08-20,2025-11-19
458,Customer_458,Female,51,Delhi,7,62622.37,8946.052857,2024-02-29,2025-12-28
365,Customer_365,Other,52,Patna,11,62499.89,5681.808182,2024-07-24,2025-12-09
839,Customer_839,Female,41,Delhi,11,62405.24,5673.203636,2024-02-12,2025-12-14
952,Customer_952,Male,64,Delhi,9,62392.6,6932.511111,2024-04-19,2025-07-27
797,Customer_797,Male,51,Bangalore,8,62286.21,7785.77625,2024-02-01,2025-07-20
318,Customer_318,Female,64,Kolkata,10,62242.92,6224.292,2024-04-08,2025-02-11
747,Customer_747,Male,41,Bangalore,9,62198.55,6910.95,2024-01-22,2025-07-14
329,Customer_329,Male,21,Patna,8,62051.85,7756.48125,2024-02-05,2025-09-05
335,Customer_335,Other,24,Mumbai,11,62036.96,5639.723636,2024-01-27,2025-09-23
6,Customer_6,Male,41,Kolkata,10,62030.25,6203.025,2024-03-06,2025-08-10
18,Customer_18,Female,19,Mumbai,8,62013.41,7751.67625,2024-05-12,2025-11-07
529,Customer_529,Female,48,Delhi,10,61840.25,6184.025,2024-02-25,2025-12-21
476,Customer_476,Male,61,Ranchi,7,61829.22,8832.745714,2024-06-10,2025-11-20
812,Customer_812,Female,19,Ranchi,7,61812.32,8830.331429,2024-05-08,2025-10-04
32,Customer_32,Other,37,Kolkata,7,61790.34,8827.191429,2024-03-14,2025-10-18
473,Customer_473,Other,52,Ranchi,6,61756.71,10292.785,2024-02-04,2025-04-03
701,Customer_701,Other,41,Kolkata,10,61690.19,6169.019,2024-02-06,2025-12-29
156,Customer_156,Other,46,Delhi,11,61561.0,5596.454545,2024-06-12,2025-10-13
492,Customer_492,Female,25,Delhi,10,61528.27,6152.827,2024-02-04,2025-10-12
214,Customer_214,Male,63,Mumbai,14,61448.82,4389.201429,2024-01-13,2025-11-25
954,Customer_954,Other,28,Hyderabad,11,61191.54,5562.867273,2024-01-05,2025-11-15
545,Customer_545,Other,54,Kolkata,7,61159.03,8737.004286,2024-05-16,2025-11-23
373,Customer_373,Other,40,Hyderabad,7,61114.56,8730.651429,2024-02-24,2025-08-10
281,Customer_281,Other,35,Mumbai,10,61043.93,6104.393,2024-05-20,2025-12-23
928,Customer_928,Male,55,Kolkata,10,60897.23,6089.723,2024-05-24,2025-11-15
910,Customer_910,Other,37,Patna,10,60748.17,6074.817,2024-05-12,2025-11-06
498,Customer_498,Male,33,Patna,11,60711.0,5519.181818,2024-01-16,2025-12-30
165,Customer_165,Female,44,Kolkata,9,60672.03,6741.336667,2024-02-24,2025-09-01
198,Customer_198,Other,21,Kolkata,9,60645.45,6738.383333,2024-03-30,2025-10-12
766,Customer_766,Other,49,Mumbai,11,60581.24,5507.385455,2024-01-11,2025-11-23
870,Customer_870,Other,37,Bangalore,12,60558.29,5046.524167,2024-02-02,2025-04-09
80,Customer_80,Female,39,Ranchi,8,60548.2,7568.525,2024-01-16,2025-10-12
803,Customer_803,Female,52,Ranchi,12,60535.32,5044.61,2024-04-18,2025-12-26
403,Customer_403,Other,51,Mumbai,10,60499.94,6049.994,2024-06-08,2025-12-10
404,Customer_404,Other,34,Delhi,9,60494.15,6721.572222,2024-04-16,2025-12-12
369,Customer_369,Female,34,Mumbai,13,60489.21,4653.016154,2024-03-15,2025-11-27
219,Customer_219,Male,53,Delhi,8,60407.07,7550.88375,2024-10-21,2025-12-13
759,Customer_759,Other,32,Mumbai,11,60347.71,5486.155455,2024-03-02,2025-11-19
400,Customer_400,Other,53,Mumbai,8,60320.73,7540.09125,2024-04-04,2025-12-05
462,Customer_462,Male,26,Delhi,9,60244.63,6693.847778,2024-04-22,2025-08-02
423,Customer_423,Male,62,Bangalore,8,60089.19,7511.14875,2024-03-02,2025-10-18
782,Customer_782,Male,29,Mumbai,9,59981.65,6664.627778,2024-01-29,2025-12-21
140,Customer_140,Male,50,Delhi,9,59977.74,6664.193333,2024-02-14,2025-11-25
28,Customer_28,Other,21,Bangalore,7,59822.42,8546.06,2024-01-10,2025-11-22
450,Customer_450,Male,64,Mumbai,13,59693.63,4591.817692,2024-03-02,2025-12-21
402,Customer_402,Female,55,Kolkata,10,59664.98,5966.498,2024-01-10,2025-11-07
802,Customer_802,Female,34,Ranchi,9,59609.73,6623.303333,2024-02-13,2025-09-22
970,Customer_970,Female,30,Patna,8,59428.94,7428.6175,2024-03-21,2025-10-20
300,Customer_300,Female,51,Mumbai,8,59276.44,7409.555,2024-11-23,2025-07-30
814,Customer_814,Other,31,Ranchi,10,59220.82,5922.082,2024-04-27,2025-12-12
518,Customer_518,Other,38,Bangalore,9,59135.21,6570.578889,2024-06-28,2025-12-27
282,Customer_282,Other,18,Patna,10,58988.51,5898.851,2024-01-16,2025-08-18
864,Customer_864,Other,42,Patna,9,58888.07,6543.118889,2024-05-30,2025-12-24
257,Customer_257,Female,24,Hyderabad,10,58843.67,5884.367,2024-05-09,2025-11-22
136,Customer_136,Other,55,Ranchi,7,58814.28,8402.04,2024-03-18,2025-09-10
389,Customer_389,Male,43,Mumbai,9,58671.24,6519.026667,2024-01-27,2025-10-16
177,Customer_177,Other,55,Hyderabad,11,58587.76,5326.16,2024-02-15,2025-11-26
459,Customer_459,Female,26,Kolkata,8,58525.89,7315.73625,2024-02-09,2025-11-29
320,Customer_320,Female,51,Ranchi,9,58502.71,6500.301111,2024-01-15,2025-09-28
557,Customer_557,Male,30,Delhi,11,58329.98,5302.725455,2024-02-13,2025-11-09
163,Customer_163,Female,62,Kolkata,10,58323.24,5832.324,2024-01-10,2025-12-28
486,Customer_486,Female,27,Patna,11,58321.76,5301.978182,2024-04-05,2025-11-07
838,Customer_838,Other,42,Hyderabad,10,58250.09,5825.009,2024-03-31,2025-10-25
131,Customer_131,Other,47,Ranchi,6,58186.66,9697.776667,2024-04-09,2025-08-20
409,Customer_409,Other,40,Delhi,8,58066.29,7258.28625,2024-03-08,2025-11-22
262,Customer_262,Female,39,Delhi,8,57962.99,7245.37375,2024-02-01,2025-12-15
274,Customer_274,Female,46,Mumbai,8,57961.99,7245.24875,2024-02-01,2025-12-13
979,Customer_979,Female,49,Kolkata,11,57916.36,5265.123636,2024-01-23,2025-09-06
687,Customer_687,Other,34,Delhi,12,57914.33,4826.194167,2024-08-27,2025-10-03
49,Customer_49,Female,40,Hyderabad,10,57881.18,5788.118,2024-04-02,2025-12-23
2,Customer_2,Male,48,Ranchi,9,57877.97,6430.885556,2024-01-11,2025-09-11
591,Customer_591,Other,20,Hyderabad,9,57836.7,6426.3,2024-02-29,2025-10-03
757,Customer_757,Male,51,Kolkata,8,57831.54,7228.9425,2024-03-07,2025-10-08
440,Customer_440,Other,56,Ranchi,9,57738.39,6415.376667,2024-01-27,2025-12-30
861,Customer_861,Female,37,Kolkata,11,57669.79,5242.708182,2024-04-26,2025-11-16
61,Customer_61,Female,26,Hyderabad,7,57668.65,8238.378571,2024-11-01,2025-07-05
11,Customer_11,Other,45,Mumbai,8,57598.09,7199.76125,2024-03-20,2025-11-06
608,Customer_608,Female,54,Mumbai,8,57597.41,7199.67625,2024-03-20,2025-11-11
580,Customer_580,Female,33,Mumbai,10,57409.91,5740.991,2024-01-18,2025-11-19
962,Customer_962,Female,58,Kolkata,11,57364.75,5214.977273,2024-01-31,2025-09-30
188,Customer_188,Other,57,Mumbai,13,57331.87,4410.143846,2024-05-03,2025-11-24
705,Customer_705,Female,45,Bangalore,8,57283.82,7160.4775,2024-01-13,2025-09-13
245,Customer_245,Male,41,Bangalore,9,57238.89,6359.876667,2024-01-31,2025-09-24
676,Customer_676,Other,55,Delhi,10,57235.65,5723.565,2024-06-19,2025-12-15
133,Customer_133,Male,44,Hyderabad,9,57187.82,6354.202222,2024-01-26,2025-10-31
431,Customer_431,Other,18,Delhi,9,56945.13,6327.236667,2024-02-02,2025-10-29
456,Customer_456,Other,62,Kolkata,7,56834.62,8119.231429,2024-04-05,2025-05-03
577,Customer_577,Male,46,Kolkata,7,56690.26,8098.608571,2024-01-05,2025-09-15
394,Customer_394,Male,54,Bangalore,8,56606.53,7075.81625,2024-02-10,2025-10-27
284,Customer_284,Female,64,Ranchi,9,56541.09,6282.343333,2024-03-11,2025-09-30
324,Customer_324,Other,31,Patna,9,56538.54,6282.06,2024-02-12,2025-08-10
828,Customer_828,Female,37,Mumbai,9,56526.26,6280.695556,2024-07-05,2025-11-18
714,Customer_714,Female,44,Patna,8,56344.08,7043.01,2024-03-16,2025-08-05
621,Customer_621,Male,37,Kolkata,11,56334.72,5121.338182,2024-02-04,2025-10-16
286,Customer_286,Other,45,Mumbai,7,56330.13,8047.161429,2024-03-03,2025-08-11
536,Customer_536,Female,34,Hyderabad,9,56312.96,6256.995556,2024-03-01,2025-12-18
167,Customer_167,Female,53,Patna,8,56309.7,7038.7125,2024-01-11,2025-09-15
116,Customer_116,Female,19,Hyderabad,9,56182.9,6242.544444,2024-04-20,2025-09-06
481,Customer_481,Male,29,Kolkata,12,56149.99,4679.165833,2024-06-05,2025-12-11
959,Customer_959,Male,39,Ranchi,7,56120.55,8017.221429,2024-01-09,2025-12-17
918,Customer_918,Male,50,Delhi,8,56094.94,7011.8675,2024-01-16,2025-10-23
730,Customer_730,Female,53,Ranchi,10,55921.32,5592.132,2024-01-09,2025-11-28
293,Customer_293,Other,56,Kolkata,10,55911.52,5591.152,2024-04-13,2025-12-01
677,Customer_677,Male,25,Kolkata,9,55908.91,6212.101111,2024-01-19,2025-12-10
937,Customer_937,Female,28,Patna,8,55898.02,6987.2525,2024-01-21,2025-09-17
83,Customer_83,Female,28,Hyderabad,9,55825.27,6202.807778,2024-01-06,2025-09-08
72,Customer_72,Female,28,Mumbai,12,55795.06,4649.588333,2024-04-10,2025-10-14
98,Customer_98,Other,59,Bangalore,6,55784.25,9297.375,2024-02-19,2025-11-21
752,Customer_752,Male,47,Ranchi,8,55766.82,6970.8525,2024-01-26,2025-12-25
43,Customer_43,Other,60,Hyderabad,10,55596.3,5559.63,2024-01-23,2025-10-23
468,Customer_468,Female,60,Ranchi,10,55592.19,5559.219,2024-02-06,2025-09-13
642,Customer_642,Male,34,Patna,6,55549.81,9258.301667,2024-04-09,2025-09-16
930,Customer_930,Female,43,Mumbai,8,55540.97,6942.62125,2024-04-30,2025-09-12
736,Customer_736,Male,56,Ranchi,7,55471.19,7924.455714,2024-06-17,2025-08-07
199,Customer_199,Female,22,Bangalore,10,55467.97,5546.797,2024-07-19,2025-12-17
351,Customer_351,Other,28,Hyderabad,7,55247.32,7892.474286,2024-03-15,2025-06-30
89,Customer_89,Female,38,Mumbai,7,55221.24,7888.748571,2024-01-05,2025-08-02
773,Customer_773,Male,34,Delhi,5,55190.38,11038.076,2024-02-12,2025-10-24
598,Customer_598,Male,42,Mumbai,7,55149.24,7878.462857,2024-01-14,2025-10-10
951,Customer_951,Other,37,Hyderabad,10,55127.94,5512.794,2024-04-17,2025-09-04
228,Customer_228,Other,27,Bangalore,8,55051.26,6881.4075,2024-03-20,2025-04-27
27,Customer_27,Male,43,Bangalore,7,54980.28,7854.325714,2024-02-26,2025-07-18
593,Customer_593,Female,31,Patna,6,54955.51,9159.251667,2024-08-30,2025-11-22
432,Customer_432,Other,53,Mumbai,9,54902.22,6100.246667,2024-02-21,2025-09-24
238,Customer_238,Female,35,Mumbai,8,54874.11,6859.26375,2024-02-25,2025-12-03
75,Customer_75,Female,29,Ranchi,10,54784.91,5478.491,2024-01-30,2025-08-10
827,Customer_827,Other,54,Bangalore,8,54634.28,6829.285,2024-07-21,2025-08-22
817,Customer_817,Other,28,Patna,11,54414.39,4946.762727,2024-03-11,2025-08-10
756,Customer_756,Other,49,Mumbai,11,54373.52,4943.047273,2024-03-21,2025-12-31
505,Customer_505,Male,32,Hyderabad,7,54254.8,7750.685714,2024-01-16,2025-11-24
569,Customer_569,Other,30,Patna,11,54184.23,4925.839091,2024-02-28,2025-12-04
943,Customer_943,Female,56,Hyderabad,9,54143.61,6015.956667,2024-01-13,2025-11-25
656,Customer_656,Female,28,Hyderabad,7,54083.17,7726.167143,2024-01-17,2025-12-22
990,Customer_990,Female,45,Mumbai,8,54057.62,6757.2025,2024-03-18,2025-08-07
395,Customer_395,Male,28,Kolkata,6,54024.69,9004.115,2024-02-15,2025-09-30
223,Customer_223,Female,32,Delhi,6,53919.32,8986.553333,2024-01-05,2025-10-12
448,Customer_448,Other,50,Bangalore,7,53771.37,7681.624286,2024-02-23,2025-03-06
731,Customer_731,Other,19,Delhi,10,53705.59,5370.559,2024-03-08,2025-10-21
66,Customer_66,Female,52,Patna,9,53692.58,5965.842222,2024-01-16,2025-12-15
542,Customer_542,Female,62,Mumbai,12,53663.32,4471.943333,2024-01-14,2025-07-06
94,Customer_94,Other,43,Delhi,6,53542.31,8923.718333,2024-01-08,2025-04-09
261,Customer_261,Male,37,Ranchi,7,53489.2,7641.314286,2024-01-23,2025-07-04
811,Customer_811,Male,49,Delhi,11,53328.66,4848.06,2024-02-29,2025-11-10
745,Customer_745,Male,48,Delhi,5,53304.68,10660.936,2024-02-11,2025-11-09
565,Customer_565,Other,52,Mumbai,8,53121.92,6640.24,2024-02-19,2025-07-15
64,Customer_64,Female,41,Mumbai,9,53109.33,5901.036667,2024-01-12,2025-09-20
91,Customer_91,Male,22,Mumbai,8,53098.57,6637.32125,2024-02-16,2025-12-20
603,Customer_603,Male,32,Patna,7,53048.15,7578.307143,2024-05-20,2025-10-02
145,Customer_145,Male,22,Mumbai,7,53041.25,7577.321429,2024-04-18,2025-10-12
789,Customer_789,Male,50,Bangalore,8,52937.05,6617.13125,2024-01-10,2025-04-18
771,Customer_771,Female,29,Delhi,7,52871.62,7553.088571,2024-05-10,2025-06-26
429,Customer_429,Female,19,Delhi,13,52766.9,4058.992308,2024-01-22,2025-08-31
856,Customer_856,Female,20,Hyderabad,8,52721.9,6590.2375,2024-02-29,2025-11-03
904,Customer_904,Male,63,Ranchi,8,52670.87,6583.85875,2024-02-26,2025-11-16
651,Customer_651,Other,26,Patna,10,52634.33,5263.433,2024-01-06,2025-11-17
466,Customer_466,Other,18,Hyderabad,8,52616.41,6577.05125,2024-03-24,2025-12-03
437,Customer_437,Other,57,Bangalore,6,52611.49,8768.581667,2024-02-25,2025-05-12
362,Customer_362,Other,26,Kolkata,7,52532.81,7504.687143,2024-03-20,2025-12-22
203,Customer_203,Male,45,Delhi,9,52494.78,5832.753333,2024-04-08,2025-07-16
646,Customer_646,Other,52,Kolkata,8,52373.9,6546.7375,2024-02-03,2025-12-23
244,Customer_244,Female,61,Ranchi,6,52286.85,8714.475,2024-02-15,2025-08-25
143,Customer_143,Female,19,Patna,8,52279.35,6534.91875,2024-03-04,2025-11-07
322,Customer_322,Other,49,Bangalore,6,52026.71,8671.118333,2025-01-01,2025-12-19
304,Customer_304,Male,49,Ranchi,7,51955.17,7422.167143,2024-01-08,2025-06-19
196,Customer_196,Female,61,Hyderabad,7,51889.55,7412.792857,2024-01-13,2025-12-15
46,Customer_46,Other,23,Patna,9,51816.11,5757.345556,2024-05-03,2025-11-10
287,Customer_287,Male,47,Delhi,9,51807.48,5756.386667,2024-01-17,2025-09-23
994,Customer_994,Other,32,Bangalore,10,51807.36,5180.736,2024-05-06,2025-12-26
972,Customer_972,Male,62,Bangalore,9,51673.66,5741.517778,2024-01-17,2025-08-22
342,Customer_342,Female,36,Kolkata,7,51596.84,7370.977143,2024-01-26,2025-12-14
361,Customer_361,Female,47,Kolkata,5,51549.58,10309.916,2024-08-30,2025-10-21
900,Customer_900,Male,41,Kolkata,11,51495.2,4681.381818,2024-04-30,2025-10-15
40,Customer_40,Other,28,Mumbai,7,51415.16,7345.022857,2024-03-26,2025-10-31
824,Customer_824,Female,38,Bangalore,8,51381.58,6422.6975,2024-04-01,2025-12-12
635,Customer_635,Female,40,Kolkata,9,51381.33,5709.036667,2024-06-17,2025-07-15
87,Customer_87,Other,47,Patna,10,51219.23,5121.923,2024-06-15,2025-11-30
242,Customer_242,Male,34,Hyderabad,5,51191.17,10238.234,2024-09-21,2025-09-04
715,Customer_715,Female,55,Ranchi,11,51039.75,4639.977273,2024-02-24,2025-11-28
234,Customer_234,Female,28,Kolkata,8,51033.97,6379.24625,2024-01-22,2025-09-30
500,Customer_500,Other,25,Mumbai,8,50980.99,6372.62375,2024-07-01,2025-12-10
240,Customer_240,Other,51,Ranchi,7,50945.39,7277.912857,2024-04-16,2025-11-15
359,Customer_359,Female,54,Mumbai,10,50925.18,5092.518,2024-02-28,2025-12-03
532,Customer_532,Female,52,Kolkata,9,50736.64,5637.404444,2024-01-13,2025-12-13
862,Customer_862,Other,63,Bangalore,9,50713.3,5634.811111,2024-03-24,2025-12-07
882,Customer_882,Other,38,Delhi,7,50685.31,7240.758571,2024-01-22,2025-11-28
896,Customer_896,Female,58,Patna,4,50523.95,12630.9875,2024-09-25,2025-10-25
21,Customer_21,Male,25,Hyderabad,9,50389.49,5598.832222,2024-01-28,2025-12-04
647,Customer_647,Male,55,Hyderabad,9,50287.28,5587.475556,2024-03-11,2025-12-18
629,Customer_629,Male,58,Mumbai,7,50102.54,7157.505714,2024-03-25,2025-08-17
873,Customer_873,Male,55,Delhi,6,50091.38,8348.563333,2024-04-13,2025-12-19
202,Customer_202,Female,59,Kolkata,8,49892.86,6236.6075,2024-12-17,2025-08-16
857,Customer_857,Female,46,Mumbai,7,49855.54,7122.22,2024-01-19,2025-12-29
695,Customer_695,Male,57,Kolkata,8,49718.64,6214.83,2024-01-10,2025-08-16
1000,Customer_1000,Male,48,Ranchi,8,49617.66,6202.2075,2024-02-13,2025-08-13
224,Customer_224,Female,38,Ranchi,7,49489.68,7069.954286,2024-10-03,2025-09-10
894,Customer_894,Female,50,Bangalore,10,49403.92,4940.392,2024-01-13,2025-12-24
172,Customer_172,Female,22,Kolkata,7,49382.49,7054.641429,2024-04-12,2025-11-26
765,Customer_765,Male,37,Patna,7,49181.93,7025.99,2024-05-07,2025-12-23
24,Customer_24,Female,61,Patna,7,49156.68,7022.382857,2024-11-24,2025-12-01
689,Customer_689,Female,62,Hyderabad,9,49117.07,5457.452222,2024-03-24,2025-12-06
719,Customer_719,Male,62,Patna,5,49078.39,9815.678,2024-01-02,2025-06-08
614,Customer_614,Other,28,Hyderabad,7,49014.29,7002.041429,2024-10-17,2025-10-20
672,Customer_672,Other,28,Bangalore,9,48783.3,5420.366667,2024-01-10,2025-11-16
435,Customer_435,Female,38,Ranchi,8,48760.83,6095.10375,2024-01-03,2025-12-13
388,Customer_388,Female,21,Delhi,11,48724.15,4429.468182,2024-03-19,2025-12-28
934,Customer_934,Other,59,Hyderabad,9,48705.21,5411.69,2024-05-11,2025-12-28
107,Customer_107,Male,55,Ranchi,7,48634.9,6947.842857,2024-07-13,2025-09-16
124,Customer_124,Other,24,Patna,5,48629.62,9725.924,2024-05-30,2025-11-21
977,Customer_977,Female,25,Delhi,9,48295.85,5366.205556,2024-01-02,2025-12-03
272,Customer_272,Female,49,Patna,5,48188.16,9637.632,2024-03-06,2025-02-26
776,Customer_776,Female,39,Mumbai,7,47951.68,6850.24,2024-04-11,2025-12-06
158,Customer_158,Male,22,Hyderabad,11,47903.59,4354.871818,2024-08-25,2025-12-10
535,Customer_535,Male,56,Mumbai,7,47690.98,6812.997143,2024-12-08,2025-08-07
876,Customer_876,Other,41,Delhi,6,47620.57,7936.761667,2024-01-08,2025-09-05
806,Customer_806,Other,56,Bangalore,7,47607.78,6801.111429,2024-03-17,2025-03-28
991,Customer_991,Female,27,Ranchi,8,47519.3,5939.9125,2024-01-02,2025-11-22
20,Customer_20,Female,28,Mumbai,9,47496.58,5277.397778,2024-02-05,2025-10-08
749,Customer_749,Male,52,Ranchi,10,47412.82,4741.282,2024-01-03,2025-11-10
159,Customer_159,Male,46,Hyderabad,5,47376.62,9475.324,2024-03-01,2025-06-24
410,Customer_410,Female,59,Bangalore,8,47275.24,5909.405,2024-01-11,2025-12-29
485,Customer_485,Male,34,Patna,11,47262.33,4296.575455,2024-02-04,2025-12-31
30,Customer_30,Other,37,Patna,6,47237.3,7872.883333,2024-02-07,2025-07-21
417,Customer_417,Female,57,Patna,10,47111.37,4711.137,2024-01-17,2025-12-06
102,Customer_102,Other,25,Patna,5,47067.32,9413.464,2024-06-30,2025-10-31
737,Customer_737,Other,19,Ranchi,9,47050.18,5227.797778,2024-07-27,2025-12-27
655,Customer_655,Other,51,Bangalore,7,46947.94,6706.848571,2024-04-12,2025-06-15
620,Customer_620,Other,25,Ranchi,10,46853.72,4685.372,2024-03-24,2025-12-02
513,Customer_513,Other,33,Hyderabad,8,46817.4,5852.175,2024-02-06,2025-11-19
978,Customer_978,Female,46,Kolkata,8,46762.09,5845.26125,2024-04-23,2025-05-19
944,Customer_944,Other,48,Patna,9,46615.53,5179.503333,2024-04-16,2025-12-13
980,Customer_980,Other,61,Patna,8,46454.31,5806.78875,2024-03-11,2025-10-17
152,Customer_152,Male,53,Mumbai,8,46452.09,5806.51125,2024-05-25,2025-12-28
665,Customer_665,Female,29,Bangalore,7,46391.24,6627.32,2024-04-16,2025-10-11
819,Customer_819,Other,20,Bangalore,9,46371.93,5152.436667,2024-03-19,2025-07-31
966,Customer_966,Female,35,Bangalore,5,46326.8,9265.36,2024-01-01,2025-09-10
553,Customer_553,Male,21,Mumbai,8,46323.53,5790.44125,2024-02-01,2025-11-13
742,Customer_742,Female,58,Kolkata,7,46267.37,6609.624286,2024-03-02,2025-10-12
957,Customer_957,Female,21,Delhi,6,46149.59,7691.598333,2024-01-29,2025-08-14
451,Customer_451,Male,37,Patna,7,46134.22,6590.602857,2024-04-04,2025-08-28
491,Customer_491,Female,36,Patna,9,46100.38,5122.264444,2024-05-04,2025-12-16
644,Customer_644,Male,20,Mumbai,9,46071.8,5119.088889,2024-02-09,2025-11-13
227,Customer_227,Female,26,Delhi,7,46041.48,6577.354286,2024-02-11,2025-12-21
673,Customer_673,Male,51,Delhi,9,46017.62,5113.068889,2024-04-18,2025-08-01
706,Customer_706,Female,50,Hyderabad,11,46015.69,4183.244545,2024-04-03,2025-08-21
148,Customer_148,Other,55,Mumbai,8,45787.64,5723.455,2024-11-14,2025-07-20
683,Customer_683,Female,30,Delhi,7,45660.52,6522.931429,2024-03-11,2025-11-28
903,Customer_903,Female,29,Mumbai,8,45640.09,5705.01125,2024-02-05,2025-10-11
585,Customer_585,Male,42,Patna,7,45562.67,6508.952857,2024-07-15,2025-09-06
515,Customer_515,Male,34,Delhi,9,45509.6,5056.622222,2024-02-03,2025-08-04
41,Customer_41,Male,53,Kolkata,8,45409.6,5676.2,2024-01-26,2025-10-19
531,Customer_531,Other,56,Ranchi,7,45233.63,6461.947143,2024-02-23,2025-10-07
566,Customer_566,Female,59,Hyderabad,11,44910.24,4082.749091,2024-01-17,2025-10-19
932,Customer_932,Other,32,Hyderabad,6,44497.23,7416.205,2024-03-08,2025-08-21
241,Customer_241,Male,44,Delhi,6,44487.63,7414.605,2024-02-23,2025-10-20
478,Customer_478,Female,47,Mumbai,8,44398.29,5549.78625,2024-03-23,2025-12-06
613,Customer_613,Male,41,Kolkata,7,44377.91,6339.701429,2025-03-26,2025-12-06
9,Customer_9,Other,19,Kolkata,9,44375.48,4930.608889,2024-03-03,2025-05-20
847,Customer_847,Other,63,Patna,5,44322.39,8864.478,2024-02-28,2025-11-29
969,Customer_969,Female,29,Ranchi,5,44182.91,8836.582,2024-02-17,2025-12-03
374,Customer_374,Female,49,Patna,6,44022.7,7337.116667,2024-01-03,2025-03-17
100,Customer_100,Male,35,Delhi,7,44019.15,6288.45,2024-02-03,2025-12-06
122,Customer_122,Other,23,Kolkata,9,43978.39,4886.487778,2024-01-27,2025-08-26
564,Customer_564,Other,19,Kolkata,6,43908.46,7318.076667,2024-03-02,2025-10-25
380,Customer_380,Other,19,Mumbai,10,43882.61,4388.261,2024-02-27,2025-12-08
81,Customer_81,Other,46,Hyderabad,6,43834.79,7305.798333,2024-08-14,2025-08-27
332,Customer_332,Male,31,Hyderabad,7,43768.7,6252.671429,2024-09-12,2025-11-26
539,Customer_539,Female,41,Kolkata,5,43761.89,8752.378,2024-07-31,2025-12-27
168,Customer_168,Male,53,Ranchi,9,43623.22,4847.024444,2024-06-10,2025-08-04
548,Customer_548,Female,43,Mumbai,7,43619.33,6231.332857,2024-02-22,2025-11-22
885,Customer_885,Female,35,Kolkata,9,43607.06,4845.228889,2024-01-17,2025-11-24
38,Customer_38,Other,55,Delhi,9,43503.54,4833.726667,2024-03-05,2025-09-07
316,Customer_316,Female,50,Bangalore,6,43437.53,7239.588333,2024-07-26,2025-11-21
562,Customer_562,Female,59,Hyderabad,7,43353.85,6193.407143,2024-04-22,2025-01-02
713,Customer_713,Male,53,Ranchi,10,43105.17,4310.517,2024-02-08,2025-12-11
587,Customer_587,Other,37,Patna,8,43091.6,5386.45,2024-06-01,2025-10-18
815,Customer_815,Male,37,Mumbai,5,43062.98,8612.596,2024-10-28,2025-12-02
341,Customer_341,Male,36,Ranchi,7,43057.35,6151.05,2024-02-15,2025-11-30
399,Customer_399,Other,59,Delhi,6,43030.3,7171.716667,2024-09-03,2025-11-10
493,Customer_493,Male,48,Bangalore,9,42920.06,4768.895556,2024-02-19,2025-05-22
527,Customer_527,Other,46,Kolkata,10,42773.73,4277.373,2024-02-02,2025-10-13
767,Customer_767,Other,53,Ranchi,5,42649.65,8529.93,2024-01-23,2025-06-18
953,Customer_953,Male,24,Ranchi,6,42609.54,7101.59,2024-02-15,2025-05-09
497,Customer_497,Female,54,Kolkata,7,42477.6,6068.228571,2024-04-01,2025-08-01
405,Customer_405,Female,54,Hyderabad,11,42405.94,3855.085455,2024-01-10,2025-12-14
741,Customer_741,Female,44,Ranchi,5,42383.78,8476.756,2024-01-03,2025-12-01
637,Customer_637,Male,52,Kolkata,11,42200.86,3836.441818,2024-02-20,2025-08-07
397,Customer_397,Female,35,Hyderabad,6,42057.87,7009.645,2024-02-27,2024-11-02
175,Customer_175,Other,27,Ranchi,9,41920.8,4657.866667,2024-01-16,2025-12-08
153,Customer_153,Other,62,Delhi,8,41808.87,5226.10875,2024-07-23,2025-11-19
354,Customer_354,Male,20,Hyderabad,8,41648.81,5206.10125,2024-01-21,2025-11-28
609,Customer_609,Other,60,Delhi,9,41284.08,4587.12,2024-02-09,2025-07-05
323,Customer_323,Female,41,Mumbai,10,41276.33,4127.633,2024-01-02,2025-10-29
512,Customer_512,Female,27,Delhi,9,41270.93,4585.658889,2024-06-10,2025-10-30
45,Customer_45,Male,50,Kolkata,8,41268.25,5158.53125,2024-02-24,2025-11-13
449,Customer_449,Other,53,Kolkata,9,41238.62,4582.068889,2024-02-26,2025-10-03
33,Customer_33,Female,29,Bangalore,6,41185.53,6864.255,2024-06-06,2025-06-22
252,Customer_252,Other,60,Hyderabad,4,41007.75,10251.9375,2024-09-21,2025-10-29
258,Customer_258,Male,34,Ranchi,10,40991.0,4099.1,2024-01-25,2025-12-21
312,Customer_312,Other,25,Hyderabad,4,40969.02,10242.255,2024-09-15,2025-12-26
955,Customer_955,Female,37,Mumbai,6,40936.47,6822.745,2024-01-16,2025-10-12
121,Customer_121,Male,23,Ranchi,9,40820.24,4535.582222,2024-01-19,2025-10-14
949,Customer_949,Male,25,Hyderabad,6,40574.19,6762.365,2024-01-26,2025-12-20
3,Customer_3,Other,57,Kolkata,7,40468.1,5781.157143,2024-03-26,2025-12-31
54,Customer_54,Male,57,Delhi,9,40464.43,4496.047778,2024-02-11,2025-09-28
347,Customer_347,Male,18,Hyderabad,4,40394.21,10098.5525,2024-05-22,2025-08-14
127,Customer_127,Other,32,Hyderabad,8,40303.77,5037.97125,2024-07-07,2025-12-23
692,Customer_692,Male,20,Ranchi,8,40261.78,5032.7225,2024-05-25,2025-10-20
667,Customer_667,Male,26,Ranchi,7,39993.79,5713.398571,2024-03-07,2025-09-09
160,Customer_160,Other,64,Bangalore,4,39978.24,9994.56,2024-03-31,2025-10-03
524,Customer_524,Other,26,Patna,7,39943.5,5706.214286,2024-03-09,2025-10-26
385,Customer_385,Other,39,Delhi,5,39916.01,7983.202,2024-02-28,2025-07-05
648,Customer_648,Male,30,Patna,5,39911.18,7982.236,2024-03-27,2025-12-09
391,Customer_391,Female,62,Ranchi,8,39878.06,4984.7575,2024-09-24,2025-09-25
632,Customer_632,Female,22,Kolkata,7,39800.97,5685.852857,2024-03-17,2025-12-29
108,Customer_108,Other,50,Hyderabad,8,39798.4,4974.8,2024-04-15,2025-10-23
996,Customer_996,Female,24,Hyderabad,7,39562.85,5651.835714,2024-01-06,2025-05-17
686,Customer_686,Male,30,Hyderabad,7,39336.66,5619.522857,2024-01-25,2025-09-30
78,Customer_78,Other,18,Kolkata,7,39217.12,5602.445714,2024-01-30,2025-10-15
762,Customer_762,Male,46,Ranchi,5,39123.84,7824.768,2024-09-17,2025-09-19
748,Customer_748,Female,62,Hyderabad,6,39068.01,6511.335,2024-01-25,2025-08-30
392,Customer_392,Other,51,Kolkata,8,38836.29,4854.53625,2024-01-29,2025-07-23
781,Customer_781,Male,46,Mumbai,9,38772.57,4308.063333,2024-06-03,2025-12-28
627,Customer_627,Other,51,Ranchi,6,38646.59,6441.098333,2024-08-13,2025-09-23
8,Customer_8,Female,23,Patna,8,38613.96,4826.745,2024-03-15,2025-09-28
174,Customer_174,Female,28,Mumbai,4,38456.52,9614.13,2025-06-30,2025-12-24
298,Customer_298,Female,36,Patna,8,38365.66,4795.7075,2024-02-06,2025-10-17
254,Customer_254,Male,43,Kolkata,6,38275.75,6379.291667,2024-02-06,2025-12-16
851,Customer_851,Female,25,Delhi,7,38229.45,5461.35,2024-02-16,2025-11-24
501,Customer_501,Female,42,Kolkata,5,38005.85,7601.17,2024-01-22,2025-12-01
290,Customer_290,Other,18,Mumbai,6,37835.42,6305.903333,2024-02-24,2025-10-08
961,Customer_961,Male,20,Delhi,7,37585.1,5369.3,2024-10-10,2025-05-17
460,Customer_460,Male,43,Bangalore,6,37466.46,6244.41,2024-02-13,2025-07-17
968,Customer_968,Other,40,Mumbai,9,37023.36,4113.706667,2024-02-11,2025-11-21
220,Customer_220,Male,40,Delhi,7,36874.93,5267.847143,2024-01-11,2025-12-31
872,Customer_872,Female,26,Hyderabad,9,36841.56,4093.506667,2024-01-10,2025-09-28
690,Customer_690,Male,49,Kolkata,8,36687.9,4585.9875,2024-04-05,2025-08-18
353,Customer_353,Other,19,Hyderabad,7,36439.64,5205.662857,2024-05-10,2025-10-05
636,Customer_636,Male,26,Ranchi,6,36303.36,6050.56,2024-02-13,2025-12-26
563,Customer_563,Male,61,Mumbai,7,36110.69,5158.67,2024-01-18,2025-12-08
958,Customer_958,Male,23,Kolkata,6,36109.65,6018.275,2024-05-03,2025-09-24
350,Customer_350,Other,37,Mumbai,5,35952.79,7190.558,2024-04-19,2025-11-07
760,Customer_760,Other,47,Bangalore,4,35864.63,8966.1575,2024-10-30,2025-12-02
120,Customer_120,Female,56,Bangalore,6,35702.54,5950.423333,2024-06-03,2025-10-28
412,Customer_412,Female,38,Mumbai,11,35689.25,3244.477273,2024-04-04,2025-12-26
877,Customer_877,Male,25,Delhi,7,35554.76,5079.251429,2024-03-29,2025-10-07
704,Customer_704,Male,57,Ranchi,6,35537.69,5922.948333,2024-03-17,2025-07-19
470,Customer_470,Other,59,Kolkata,6,35533.86,5922.31,2024-03-14,2025-12-24
301,Customer_301,Other,50,Kolkata,3,35466.2,11822.066667,2024-01-30,2025-07-11
626,Customer_626,Female,60,Delhi,10,35195.78,3519.578,2024-03-07,2025-09-16
684,Customer_684,Male,45,Kolkata,5,35164.05,7032.81,2024-06-29,2025-07-03
348,Customer_348,Female,64,Hyderabad,8,35139.68,4392.46,2024-05-11,2025-09-25
510,Customer_510,Male,64,Patna,6,35091.09,5848.515,2024-04-10,2024-09-20
578,Customer_578,Female,46,Hyderabad,8,34880.46,4360.0575,2024-02-17,2025-12-22
213,Customer_213,Other,18,Kolkata,9,34880.16,3875.573333,2024-01-04,2025-12-31
190,Customer_190,Other,42,Mumbai,6,34876.74,5812.79,2024-02-15,2025-07-02
659,Customer_659,Other,45,Bangalore,6,34254.48,5709.08,2024-05-29,2025-05-04
185,Customer_185,Male,29,Delhi,7,34130.81,4875.83,2024-06-09,2025-12-25
927,Customer_927,Female,19,Hyderabad,6,34032.09,5672.015,2024-02-16,2025-04-24
62,Customer_62,Male,28,Delhi,8,33977.63,4247.20375,2024-06-01,2025-09-06
733,Customer_733,Female,30,Ranchi,7,33961.2,4851.6,2024-03-26,2025-11-25
454,Customer_454,Female,60,Ranchi,6,33940.37,5656.728333,2024-06-29,2025-09-28
829,Customer_829,Female,23,Ranchi,4,33747.1,8436.775,2024-01-30,2025-09-22
251,Customer_251,Other,46,Ranchi,8,33673.45,4209.18125,2024-01-13,2025-10-31
418,Customer_418,Female,51,Ranchi,5,33622.55,6724.51,2024-10-29,2025-12-06
95,Customer_95,Male,21,Delhi,7,33564.25,4794.892857,2024-07-13,2025-12-30
669,Customer_669,Male,57,Hyderabad,5,33418.38,6683.676,2024-01-12,2025-10-24
250,Customer_250,Other,50,Delhi,6,33168.13,5528.021667,2024-05-02,2025-12-23
823,Customer_823,Female,46,Hyderabad,5,33041.88,6608.376,2024-01-06,2025-06-30
15,Customer_15,Female,23,Kolkata,6,32789.83,5464.971667,2024-01-11,2025-09-01
477,Customer_477,Male,61,Patna,10,32725.37,3272.537,2024-04-28,2025-09-29
816,Customer_816,Male,39,Hyderabad,7,32576.95,4653.85,2024-02-13,2025-11-12
933,Customer_933,Other,51,Bangalore,4,32485.84,8121.46,2024-10-18,2025-12-26
755,Customer_755,Female,58,Kolkata,6,32318.61,5386.435,2024-02-26,2025-06-22
398,Customer_398,Other,38,Mumbai,5,32193.07,6438.614,2024-01-31,2025-11-22
860,Customer_860,Male,20,Kolkata,9,32157.84,3573.093333,2024-01-27,2025-12-19
151,Customer_151,Female,64,Patna,6,32096.52,5349.42,2024-08-29,2025-11-08
277,Customer_277,Other,47,Delhi,6,32016.41,5336.068333,2024-03-27,2025-11-08
906,Customer_906,Male,32,Patna,8,31867.35,3983.41875,2024-04-03,2025-08-30
998,Customer_998,Other,47,Patna,6,31867.33,5311.221667,2024-05-28,2025-10-26
489,Customer_489,Other,33,Kolkata,6,31841.0,5306.833333,2024-05-10,2025-12-20
807,Customer_807,Other,32,Delhi,6,31205.31,5200.885,2024-04-24,2025-12-26
775,Customer_775,Male,18,Delhi,6,30962.46,5160.41,2024-05-10,2025-10-06
407,Customer_407,Male,55,Ranchi,6,30833.35,5138.891667,2024-03-24,2025-11-09
641,Customer_641,Male,35,Hyderabad,6,30581.42,5096.903333,2024-10-03,2025-12-31
5,Customer_5,Male,53,Kolkata,4,30502.65,7625.6625,2024-08-19,2025-12-27
654,Customer_654,Other,54,Hyderabad,6,30402.82,5067.136667,2024-08-25,2025-11-07
670,Customer_670,Other,42,Delhi,6,30362.88,5060.48,2024-01-25,2025-10-31
777,Customer_777,Other,43,Kolkata,5,30322.94,6064.588,2024-01-12,2025-12-12
707,Customer_707,Other,58,Bangalore,4,30276.08,7569.02,2024-02-05,2025-06-14
231,Customer_231,Other,52,Ranchi,6,30133.68,5022.28,2024-09-24,2025-09-14
931,Customer_931,Other,63,Hyderabad,5,30132.71,6026.542,2024-07-04,2025-10-24
378,Customer_378,Male,26,Kolkata,8,29697.56,3712.195,2024-07-16,2025-11-19
243,Customer_243,Other,60,Bangalore,5,29410.21,5882.042,2024-02-27,2025-11-06
516,Customer_516,Male,40,Kolkata,8,29358.2,3669.775,2024-01-01,2025-03-22
411,Customer_411,Male,39,Kolkata,7,28328.02,4046.86,2024-01-08,2025-10-03
645,Customer_645,Other,49,Ranchi,5,28305.19,5661.038,2024-04-21,2025-10-14
465,Customer_465,Other,34,Delhi,6,28134.98,4689.163333,2024-09-15,2025-09-22
305,Customer_305,Male,24,Ranchi,5,28015.56,5603.112,2024-02-10,2025-03-12
280,Customer_280,Male,36,Mumbai,6,27746.89,4624.481667,2024-05-29,2025-09-10
319,Customer_319,Female,25,Ranchi,4,27573.11,6893.2775,2024-06-23,2025-10-17
734,Customer_734,Female,46,Mumbai,5,27551.23,5510.246,2024-02-13,2025-11-01
358,Customer_358,Other,22,Ranchi,6,27422.82,4570.47,2024-04-16,2025-09-09
406,Customer_406,Other,42,Mumbai,5,27038.57,5407.714,2024-05-22,2025-04-13
633,Customer_633,Other,22,Delhi,6,26818.73,4469.788333,2024-06-21,2024-10-11
377,Customer_377,Male,31,Patna,7,26591.68,3798.811429,2024-02-01,2025-10-17
786,Customer_786,Male,24,Bangalore,3,26548.99,8849.663333,2024-08-30,2025-12-21
941,Customer_941,Female,23,Delhi,4,26529.53,6632.3825,2024-06-30,2025-07-16
507,Customer_507,Male,58,Delhi,5,26075.27,5215.054,2024-03-12,2025-11-04
370,Customer_370,Other,27,Hyderabad,4,26010.37,6502.5925,2024-02-13,2025-07-27
780,Customer_780,Male,64,Mumbai,8,26002.18,3250.2725,2024-01-02,2025-12-06
34,Customer_34,Female,64,Ranchi,3,25393.26,8464.42,2024-07-23,2025-10-22
725,Customer_725,Male,60,Ranchi,6,24994.39,4165.731667,2024-02-21,2025-11-23
526,Customer_526,Male,40,Kolkata,5,24504.27,4900.854,2024-03-09,2025-09-19
729,Customer_729,Male,35,Hyderabad,5,24320.81,4864.162,2024-09-23,2025-10-17
488,Customer_488,Male,29,Hyderabad,7,24076.3,3439.471429,2024-03-26,2025-12-15
484,Customer_484,Female,61,Bangalore,4,23732.76,5933.19,2024-05-05,2025-03-22
818,Customer_818,Other,44,Kolkata,4,23317.17,5829.2925,2025-01-08,2025-12-29
469,Customer_469,Male,57,Delhi,5,23090.09,4618.018,2024-03-21,2025-11-11
63,Customer_63,Female,32,Kolkata,7,22695.72,3242.245714,2024-02-19,2025-11-29
408,Customer_408,Female,29,Hyderabad,5,22688.34,4537.668,2024-02-13,2025-12-08
36,Customer_36,Female,43,Ranchi,3,22618.47,7539.49,2024-05-27,2025-08-01
866,Customer_866,Other,31,Ranchi,10,22411.8,2241.18,2024-05-24,2025-09-30
360,Customer_360,Male,55,Kolkata,4,22270.86,5567.715,2024-08-27,2025-11-01
964,Customer_964,Male,31,Mumbai,5,22085.69,4417.138,2024-10-01,2025-07-14
779,Customer_779,Other,31,Delhi,6,21719.34,3619.89,2024-01-04,2025-12-21
724,Customer_724,Male,49,Hyderabad,4,21433.26,5358.315,2024-02-20,2025-03-16
119,Customer_119,Other,57,Kolkata,5,21067.26,4213.452,2024-05-04,2025-09-23
879,Customer_879,Male,30,Patna,5,20956.36,4191.272,2024-04-29,2025-12-01
35,Customer_35,Other,18,Mumbai,5,20051.15,4010.23,2024-07-16,2025-12-19
55,Customer_55,Female,19,Patna,5,19790.82,3958.164,2024-03-15,2025-07-25
572,Customer_572,Male,49,Patna,3,19315.76,6438.586667,2024-07-14,2025-03-18
764,Customer_764,Female,21,Ranchi,3,19288.61,6429.536667,2024-07-08,2025-11-24
346,Customer_346,Male,19,Bangalore,3,18203.45,6067.816667,2024-04-14,2025-07-28
908,Customer_908,Other,39,Patna,5,17573.83,3514.766,2024-03-31,2025-12-26
37,Customer_37,Other,31,Hyderabad,5,16487.72,3297.544,2024-04-05,2025-11-01
475,Customer_475,Female,54,Bangalore,5,16364.53,3272.906,2024-01-02,2025-05-14
263,Customer_263,Other,45,Delhi,2,15960.2,7980.1,2025-07-16,2025-08-07
142,Customer_142,Other,39,Bangalore,3,11073.03,3691.01,2024-03-30,2025-03-05
430,Customer_430,Other,60,Patna,2,2005.44,1002.72,2024-10-20,2025-08-10
