year,month,revenue,transactions,date
2024,1,2915394.45,425,2024-01-01
2024,2,2845687.52,405,2024-02-01
2024,3,2933457.66,423,2024-03-01
2024,4,2830499.09,412,2024-04-01
2024,5,2866045.47,425,2024-05-01
2024,6,2771984.44,378,2024-06-01
2024,7,2749327.88,385,2024-07-01
2024,8,2912794.53,424,2024-08-01
2024,9,2886407.12,413,2024-09-01
2024,10,2536663.57,409,2024-10-01
2024,11,2694669.73,405,2024-11-01
2024,12,3179208.37,436,2024-12-01
2025,1,3101229.29,452,2025-01-01
2025,2,2458738.04,358,2025-02-01
2025,3,2849668.0,434,2025-03-01
2025,4,2952806.29,420,2025-04-01
2025,5,2909809.5,409,2025-05-01
2025,6,3088438.02,430,2025-06-01
2025,7,3203939.85,471,2025-07-01
2025,8,3055432.81,455,2025-08-01
2025,9,2750943.09,397,2025-09-01
2025,10,3188778.35,445,2025-10-01
2025,11,2841978.54,404,2025-11-01
2025,12,2708262.5,385,2025-12-01
