customer_id,customer_name,gender,age,city,signup_date
1,Customer_1,Other,20,Mumbai,2024-11-28
2,Customer_2,Male,48,Ranchi,2023-05-12
3,Customer_3,Other,57,Kolkata,2024-09-14
4,Customer_4,Other,54,Ranchi,2024-01-16
5,Customer_5,Male,53,Kolkata,2023-05-12
6,Customer_6,Male,41,Kolkata,2023-01-20
7,Customer_7,Other,48,Kolkata,2024-06-19
8,Customer_8,Female,23,Patna,2023-08-15
9,Customer_9,Other,19,Kolkata,2023-06-03
10,Customer_10,Other,37,Kolkata,2024-04-13
11,Customer_11,Other,45,Mumbai,2024-02-09
12,Customer_12,Other,28,Delhi,2023-07-21
13,Customer_13,Male,21,Bangalore,2023-02-07
14,Customer_14,Other,32,Delhi,2023-07-07
15,Customer_15,Female,23,Kolkata,2023-02-26
16,Customer_16,Male,47,Mumbai,2023-01-20
17,Customer_17,Female,55,Ranchi,2023-09-30
18,Customer_18,Female,19,Mumbai,2023-04-29
19,Customer_19,Female,32,Kolkata,2024-08-05
20,Customer_20,Female,28,Mumbai,2024-05-30
21,Customer_21,Male,25,Hyderabad,2023-08-09
22,Customer_22,Male,43,Mumbai,2024-06-09
23,Customer_23,Female,62,Kolkata,2024-05-29
24,Customer_24,Female,61,Patna,2024-12-28
25,Customer_25,Male,22,Hyderabad,2023-12-02
26,Customer_26,Male,23,Mumbai,2024-11-28
27,Customer_27,Male,43,Bangalore,2023-02-24
28,Customer_28,Other,21,Bangalore,2024-05-14
29,Customer_29,Other,36,Mumbai,2024-06-19
30,Customer_30,Other,37,Patna,2023-06-11
31,Customer_31,Female,50,Ranchi,2024-10-31
32,Customer_32,Other,37,Kolkata,2024-08-16
33,Customer_33,Female,29,Bangalore,2023-06-08
34,Customer_34,Female,64,Ranchi,2023-07-07
35,Customer_35,Other,18,Mumbai,2023-03-01
36,Customer_36,Female,43,Ranchi,2023-11-15
37,Customer_37,Other,31,Hyderabad,2023-07-30
38,Customer_38,Other,55,Delhi,2024-02-10
39,Customer_39,Male,54,Bangalore,2024-10-25
40,Customer_40,Other,28,Mumbai,2023-04-19
41,Customer_41,Male,53,Kolkata,2023-03-17
42,Customer_42,Other,30,Patna,2024-06-25
43,Customer_43,Other,60,Hyderabad,2023-11-10
44,Customer_44,Male,20,Mumbai,2023-04-27
45,Customer_45,Male,50,Kolkata,2024-12-04
46,Customer_46,Other,23,Patna,2023-01-19
47,Customer_47,Female,27,Patna,2024-03-07
48,Customer_48,Male,22,Mumbai,2024-11-15
49,Customer_49,Female,40,Hyderabad,2023-12-16
50,Customer_50,Female,27,Ranchi,2023-07-02
51,Customer_51,Female,61,Ranchi,2023-04-23
52,Customer_52,Male,19,Patna,2023-07-02
53,Customer_53,Female,30,Ranchi,2024-04-25
54,Customer_54,Male,57,Delhi,2023-05-26
55,Customer_55,Female,19,Patna,2024-09-19
56,Customer_56,Other,37,Patna,2023-04-23
57,Customer_57,Other,18,Kolkata,2024-04-20
58,Customer_58,Male,54,Ranchi,2023-10-30
59,Customer_59,Other,26,Hyderabad,2023-04-28
60,Customer_60,Other,34,Patna,2023-06-10
61,Customer_61,Female,26,Hyderabad,2024-02-05
62,Customer_62,Male,28,Delhi,2023-07-17
63,Customer_63,Female,32,Kolkata,2023-09-17
64,Customer_64,Female,41,Mumbai,2024-10-21
65,Customer_65,Female,55,Hyderabad,2023-02-16
66,Customer_66,Female,52,Patna,2024-02-03
67,Customer_67,Female,47,Delhi,2024-12-10
68,Customer_68,Female,48,Bangalore,2024-07-12
69,Customer_69,Female,22,Delhi,2023-03-19
70,Customer_70,Male,61,Delhi,2023-05-04
71,Customer_71,Other,31,Kolkata,2023-03-16
72,Customer_72,Female,28,Mumbai,2023-05-17
73,Customer_73,Female,26,Bangalore,2024-08-24
74,Customer_74,Female,51,Ranchi,2024-02-04
75,Customer_75,Female,29,Ranchi,2024-05-19
76,Customer_76,Female,52,Hyderabad,2024-05-14
77,Customer_77,Female,52,Delhi,2024-07-26
78,Customer_78,Other,18,Kolkata,2023-05-18
79,Customer_79,Other,57,Kolkata,2023-02-19
80,Customer_80,Female,39,Ranchi,2024-09-10
81,Customer_81,Other,46,Hyderabad,2024-09-16
82,Customer_82,Male,25,Hyderabad,2023-09-11
83,Customer_83,Female,28,Hyderabad,2024-09-21
84,Customer_84,Male,58,Bangalore,2024-12-10
85,Customer_85,Male,54,Mumbai,2024-07-16
86,Customer_86,Female,31,Bangalore,2024-03-01
87,Customer_87,Other,47,Patna,2024-06-30
88,Customer_88,Male,52,Patna,2023-10-29
89,Customer_89,Female,38,Mumbai,2024-08-03
90,Customer_90,Male,54,Ranchi,2023-12-15
91,Customer_91,Male,22,Mumbai,2023-02-18
92,Customer_92,Male,36,Kolkata,2023-03-15
93,Customer_93,Male,31,Patna,2024-12-04
94,Customer_94,Other,43,Delhi,2023-09-18
95,Customer_95,Male,21,Delhi,2023-12-22
96,Customer_96,Male,42,Ranchi,2024-08-04
97,Customer_97,Male,62,Kolkata,2024-08-24
98,Customer_98,Other,59,Bangalore,2023-09-17
99,Customer_99,Male,42,Kolkata,2024-09-29
100,Customer_100,Male,35,Delhi,2023-10-22
101,Customer_101,Other,57,Delhi,2024-10-02
102,Customer_102,Other,25,Patna,2023-11-09
103,Customer_103,Other,56,Kolkata,2024-09-03
104,Customer_104,Male,57,Kolkata,2023-07-01
105,Customer_105,Other,31,Delhi,2024-11-16
106,Customer_106,Other,49,Bangalore,2023-12-30
107,Customer_107,Male,55,Ranchi,2023-07-07
108,Customer_108,Other,50,Hyderabad,2024-07-22
109,Customer_109,Male,40,Ranchi,2024-06-26
110,Customer_110,Female,32,Kolkata,2024-08-18
111,Customer_111,Other,50,Ranchi,2024-10-25
112,Customer_112,Female,42,Delhi,2024-07-01
113,Customer_113,Male,34,Delhi,2024-12-25
114,Customer_114,Other,50,Kolkata,2024-02-12
115,Customer_115,Male,64,Kolkata,2024-09-09
116,Customer_116,Female,19,Hyderabad,2024-02-18
117,Customer_117,Male,31,Hyderabad,2023-12-08
118,Customer_118,Other,57,Patna,2023-08-08
119,Customer_119,Other,57,Kolkata,2023-06-12
120,Customer_120,Female,56,Bangalore,2023-08-08
121,Customer_121,Male,23,Ranchi,2023-09-27
122,Customer_122,Other,23,Kolkata,2024-09-23
123,Customer_123,Female,20,Mumbai,2024-02-04
124,Customer_124,Other,24,Patna,2023-07-01
125,Customer_125,Other,25,Mumbai,2024-09-09
126,Customer_126,Male,59,Delhi,2024-12-29
127,Customer_127,Other,32,Hyderabad,2023-07-24
128,Customer_128,Male,64,Ranchi,2024-08-04
129,Customer_129,Other,46,Kolkata,2024-07-09
130,Customer_130,Female,50,Mumbai,2023-08-16
131,Customer_131,Other,47,Ranchi,2024-11-26
132,Customer_132,Male,56,Delhi,2024-09-10
133,Customer_133,Male,44,Hyderabad,2024-08-18
134,Customer_134,Female,53,Bangalore,2023-09-07
135,Customer_135,Other,46,Patna,2024-03-16
136,Customer_136,Other,55,Ranchi,2024-06-16
137,Customer_137,Female,50,Ranchi,2023-07-15
138,Customer_138,Other,54,Bangalore,2024-11-20
139,Customer_139,Other,44,Ranchi,2024-06-02
140,Customer_140,Male,50,Delhi,2023-03-11
141,Customer_141,Other,21,Delhi,2024-09-30
142,Customer_142,Other,39,Bangalore,2024-02-03
143,Customer_143,Female,19,Patna,2024-11-02
144,Customer_144,Female,27,Kolkata,2023-07-22
145,Customer_145,Male,22,Mumbai,2023-05-28
146,Customer_146,Other,27,Kolkata,2024-04-16
147,Customer_147,Other,50,Ranchi,2024-10-16
148,Customer_148,Other,55,Mumbai,2023-07-18
149,Customer_149,Male,30,Bangalore,2024-03-01
150,Customer_150,Male,48,Bangalore,2024-10-27
151,Customer_151,Female,64,Patna,2024-05-06
152,Customer_152,Male,53,Mumbai,2023-05-22
153,Customer_153,Other,62,Delhi,2023-11-09
154,Customer_154,Other,41,Mumbai,2023-06-14
155,Customer_155,Male,32,Ranchi,2023-11-10
156,Customer_156,Other,46,Delhi,2023-01-21
157,Customer_157,Other,25,Hyderabad,2023-03-23
158,Customer_158,Male,22,Hyderabad,2024-08-03
159,Customer_159,Male,46,Hyderabad,2023-05-11
160,Customer_160,Other,64,Bangalore,2024-08-21
161,Customer_161,Other,21,Mumbai,2024-12-30
162,Customer_162,Other,29,Hyderabad,2023-11-01
163,Customer_163,Female,62,Kolkata,2024-01-06
164,Customer_164,Female,19,Patna,2024-01-19
165,Customer_165,Female,44,Kolkata,2024-03-20
166,Customer_166,Male,48,Hyderabad,2024-02-29
167,Customer_167,Female,53,Patna,2023-06-10
168,Customer_168,Male,53,Ranchi,2023-06-27
169,Customer_169,Male,43,Kolkata,2024-09-20
170,Customer_170,Female,60,Mumbai,2024-12-08
171,Customer_171,Female,44,Mumbai,2024-05-04
172,Customer_172,Female,22,Kolkata,2023-11-23
173,Customer_173,Other,37,Hyderabad,2024-08-20
174,Customer_174,Female,28,Mumbai,2023-10-16
175,Customer_175,Other,27,Ranchi,2024-08-15
176,Customer_176,Male,57,Delhi,2024-10-25
177,Customer_177,Other,55,Hyderabad,2024-07-26
178,Customer_178,Female,23,Ranchi,2024-07-26
179,Customer_179,Male,25,Patna,2023-12-20
180,Customer_180,Male,40,Ranchi,2023-01-28
181,Customer_181,Male,64,Hyderabad,2023-02-12
182,Customer_182,Other,43,Patna,2024-11-11
183,Customer_183,Female,63,Hyderabad,2024-02-27
184,Customer_184,Male,60,Mumbai,2024-08-20
185,Customer_185,Male,29,Delhi,2023-06-26
186,Customer_186,Male,43,Hyderabad,2024-06-12
187,Customer_187,Other,30,Hyderabad,2024-09-01
188,Customer_188,Other,57,Mumbai,2024-05-08
189,Customer_189,Female,35,Bangalore,2023-07-17
190,Customer_190,Other,42,Mumbai,2024-09-01
191,Customer_191,Male,50,Patna,2024-07-30
192,Customer_192,Female,64,Mumbai,2024-05-31
193,Customer_193,Male,57,Mumbai,2024-05-28
194,Customer_194,Male,60,Delhi,2023-01-22
195,Customer_195,Other,29,Mumbai,2023-04-22
196,Customer_196,Female,61,Hyderabad,2023-02-26
197,Customer_197,Other,53,Delhi,2023-03-07
198,Customer_198,Other,21,Kolkata,2023-04-08
199,Customer_199,Female,22,Bangalore,2023-05-24
200,Customer_200,Male,54,Delhi,2024-03-10
201,Customer_201,Male,25,Patna,2024-09-28
202,Customer_202,Female,59,Kolkata,2024-11-09
203,Customer_203,Male,45,Delhi,2023-03-27
204,Customer_204,Female,48,Delhi,2024-08-10
205,Customer_205,Female,26,Bangalore,2023-12-10
206,Customer_206,Other,46,Hyderabad,2023-10-21
207,Customer_207,Female,31,Patna,2024-07-24
208,Customer_208,Other,57,Ranchi,2024-10-11
209,Customer_209,Male,58,Ranchi,2024-09-02
210,Customer_210,Male,39,Delhi,2024-12-04
211,Customer_211,Male,28,Mumbai,2023-08-31
212,Customer_212,Male,40,Patna,2024-07-14
213,Customer_213,Other,18,Kolkata,2023-02-01
214,Customer_214,Male,63,Mumbai,2024-01-26
215,Customer_215,Female,54,Mumbai,2023-10-04
216,Customer_216,Female,38,Patna,2024-06-15
217,Customer_217,Female,43,Hyderabad,2023-06-03
218,Customer_218,Other,63,Delhi,2024-01-18
219,Customer_219,Male,53,Delhi,2023-03-09
220,Customer_220,Male,40,Delhi,2023-08-02
221,Customer_221,Male,18,Delhi,2024-10-16
222,Customer_222,Other,57,Ranchi,2024-01-11
223,Customer_223,Female,32,Delhi,2023-08-01
224,Customer_224,Female,38,Ranchi,2023-03-20
225,Customer_225,Male,64,Ranchi,2024-12-26
226,Customer_226,Female,26,Hyderabad,2024-09-19
227,Customer_227,Female,26,Delhi,2024-08-26
228,Customer_228,Other,27,Bangalore,2024-01-16
229,Customer_229,Other,43,Kolkata,2024-11-10
230,Customer_230,Other,58,Mumbai,2023-02-27
231,Customer_231,Other,52,Ranchi,2023-01-26
232,Customer_232,Male,42,Patna,2024-03-22
233,Customer_233,Other,43,Patna,2023-03-07
234,Customer_234,Female,28,Kolkata,2023-09-11
235,Customer_235,Male,55,Patna,2023-02-13
236,Customer_236,Female,19,Bangalore,2023-04-07
237,Customer_237,Female,24,Patna,2024-07-07
238,Customer_238,Female,35,Mumbai,2023-08-15
239,Customer_239,Other,44,Mumbai,2024-11-09
240,Customer_240,Other,51,Ranchi,2024-03-11
241,Customer_241,Male,44,Delhi,2024-08-23
242,Customer_242,Male,34,Hyderabad,2024-01-14
243,Customer_243,Other,60,Bangalore,2023-06-27
244,Customer_244,Female,61,Ranchi,2024-03-02
245,Customer_245,Male,41,Bangalore,2024-12-09
246,Customer_246,Other,42,Delhi,2023-11-03
247,Customer_247,Other,24,Patna,2024-05-18
248,Customer_248,Other,23,Patna,2023-09-25
249,Customer_249,Female,41,Hyderabad,2024-08-08
250,Customer_250,Other,50,Delhi,2023-01-08
251,Customer_251,Other,46,Ranchi,2024-05-22
252,Customer_252,Other,60,Hyderabad,2024-04-20
253,Customer_253,Other,39,Delhi,2023-10-24
254,Customer_254,Male,43,Kolkata,2023-06-13
255,Customer_255,Male,45,Mumbai,2024-04-29
256,Customer_256,Other,38,Hyderabad,2024-08-19
257,Customer_257,Female,24,Hyderabad,2023-03-13
258,Customer_258,Male,34,Ranchi,2024-07-20
259,Customer_259,Other,37,Bangalore,2024-07-12
260,Customer_260,Male,58,Kolkata,2023-08-26
261,Customer_261,Male,37,Ranchi,2023-04-14
262,Customer_262,Female,39,Delhi,2023-07-29
263,Customer_263,Other,45,Delhi,2024-07-07
264,Customer_264,Other,57,Delhi,2024-04-12
265,Customer_265,Female,24,Delhi,2024-03-29
266,Customer_266,Female,18,Bangalore,2023-09-25
267,Customer_267,Other,49,Kolkata,2024-01-21
268,Customer_268,Other,30,Patna,2024-01-22
269,Customer_269,Female,47,Mumbai,2023-09-16
270,Customer_270,Male,40,Bangalore,2023-10-10
271,Customer_271,Male,36,Bangalore,2024-09-17
272,Customer_272,Female,49,Patna,2023-02-09
273,Customer_273,Male,47,Patna,2024-04-30
274,Customer_274,Female,46,Mumbai,2023-08-08
275,Customer_275,Male,62,Mumbai,2023-05-09
276,Customer_276,Male,46,Patna,2024-06-03
277,Customer_277,Other,47,Delhi,2024-09-04
278,Customer_278,Other,33,Bangalore,2024-11-18
279,Customer_279,Male,57,Ranchi,2024-09-10
280,Customer_280,Male,36,Mumbai,2024-09-04
281,Customer_281,Other,35,Mumbai,2023-09-17
282,Customer_282,Other,18,Patna,2024-01-01
283,Customer_283,Other,31,Kolkata,2024-06-27
284,Customer_284,Female,64,Ranchi,2024-10-10
285,Customer_285,Male,19,Ranchi,2024-06-07
286,Customer_286,Other,45,Mumbai,2023-01-16
287,Customer_287,Male,47,Delhi,2023-05-09
288,Customer_288,Female,55,Kolkata,2024-07-28
289,Customer_289,Female,21,Ranchi,2023-04-19
290,Customer_290,Other,18,Mumbai,2024-06-16
291,Customer_291,Female,25,Ranchi,2024-10-31
292,Customer_292,Male,46,Hyderabad,2023-09-26
293,Customer_293,Other,56,Kolkata,2023-06-11
294,Customer_294,Male,20,Kolkata,2023-09-17
295,Customer_295,Male,49,Hyderabad,2023-04-12
296,Customer_296,Female,27,Bangalore,2024-05-20
297,Customer_297,Female,27,Hyderabad,2024-07-24
298,Customer_298,Female,36,Patna,2023-09-04
299,Customer_299,Female,63,Patna,2024-10-01
300,Customer_300,Female,51,Mumbai,2024-06-20
301,Customer_301,Other,50,Kolkata,2023-05-11
302,Customer_302,Male,40,Bangalore,2023-12-19
303,Customer_303,Male,45,Bangalore,2023-07-15
304,Customer_304,Male,49,Ranchi,2024-10-27
305,Customer_305,Male,24,Ranchi,2024-01-17
306,Customer_306,Female,46,Hyderabad,2024-10-06
307,Customer_307,Male,25,Bangalore,2023-08-15
308,Customer_308,Other,18,Hyderabad,2024-12-01
309,Customer_309,Other,20,Hyderabad,2024-04-20
310,Customer_310,Male,41,Ranchi,2024-04-21
311,Customer_311,Male,40,Kolkata,2023-09-22
312,Customer_312,Other,25,Hyderabad,2024-01-07
313,Customer_313,Other,64,Delhi,2024-04-30
314,Customer_314,Female,54,Kolkata,2024-03-09
315,Customer_315,Other,20,Bangalore,2024-10-07
316,Customer_316,Female,50,Bangalore,2023-07-30
317,Customer_317,Female,45,Hyderabad,2024-07-25
318,Customer_318,Female,64,Kolkata,2024-01-12
319,Customer_319,Female,25,Ranchi,2024-01-30
320,Customer_320,Female,51,Ranchi,2024-03-25
321,Customer_321,Male,52,Patna,2023-12-30
322,Customer_322,Other,49,Bangalore,2024-04-01
323,Customer_323,Female,41,Mumbai,2024-12-25
324,Customer_324,Other,31,Patna,2024-12-28
325,Customer_325,Other,49,Ranchi,2023-08-14
326,Customer_326,Female,63,Kolkata,2023-05-11
327,Customer_327,Male,60,Ranchi,2024-08-10
328,Customer_328,Female,33,Kolkata,2024-04-20
329,Customer_329,Male,21,Patna,2023-10-04
330,Customer_330,Other,54,Bangalore,2023-06-05
331,Customer_331,Male,38,Ranchi,2023-08-06
332,Customer_332,Male,31,Hyderabad,2023-07-09
333,Customer_333,Male,48,Kolkata,2024-02-21
334,Customer_334,Other,35,Bangalore,2024-11-05
335,Customer_335,Other,24,Mumbai,2024-11-22
336,Customer_336,Male,27,Kolkata,2024-06-29
337,Customer_337,Male,24,Patna,2023-02-10
338,Customer_338,Female,50,Mumbai,2023-11-03
339,Customer_339,Male,40,Mumbai,2023-12-04
340,Customer_340,Female,38,Delhi,2023-11-10
341,Customer_341,Male,36,Ranchi,2023-03-16
342,Customer_342,Female,36,Kolkata,2023-10-06
343,Customer_343,Other,53,Mumbai,2023-06-25
344,Customer_344,Male,46,Delhi,2024-10-23
345,Customer_345,Male,35,Patna,2023-09-30
346,Customer_346,Male,19,Bangalore,2024-09-11
347,Customer_347,Male,18,Hyderabad,2024-10-12
348,Customer_348,Female,64,Hyderabad,2023-10-16
349,Customer_349,Male,22,Kolkata,2024-12-24
350,Customer_350,Other,37,Mumbai,2023-09-29
351,Customer_351,Other,28,Hyderabad,2023-03-07
352,Customer_352,Male,59,Ranchi,2024-04-27
353,Customer_353,Other,19,Hyderabad,2023-09-05
354,Customer_354,Male,20,Hyderabad,2023-06-05
355,Customer_355,Male,40,Hyderabad,2023-02-16
356,Customer_356,Other,29,Delhi,2024-03-29
357,Customer_357,Male,37,Mumbai,2023-07-20
358,Customer_358,Other,22,Ranchi,2024-10-21
359,Customer_359,Female,54,Mumbai,2023-05-04
360,Customer_360,Male,55,Kolkata,2023-01-01
361,Customer_361,Female,47,Kolkata,2024-10-01
362,Customer_362,Other,26,Kolkata,2023-07-10
363,Customer_363,Female,51,Patna,2024-08-01
364,Customer_364,Female,61,Hyderabad,2024-05-30
365,Customer_365,Other,52,Patna,2024-03-17
366,Customer_366,Female,39,Delhi,2023-05-23
367,Customer_367,Female,61,Kolkata,2023-07-10
368,Customer_368,Other,41,Ranchi,2024-06-16
369,Customer_369,Female,34,Mumbai,2023-08-15
370,Customer_370,Other,27,Hyderabad,2023-11-09
371,Customer_371,Female,47,Bangalore,2024-09-20
372,Customer_372,Other,63,Ranchi,2023-10-29
373,Customer_373,Other,40,Hyderabad,2024-10-15
374,Customer_374,Female,49,Patna,2024-04-04
375,Customer_375,Female,34,Patna,2024-02-05
376,Customer_376,Female,34,Ranchi,2024-07-04
377,Customer_377,Male,31,Patna,2024-01-28
378,Customer_378,Male,26,Kolkata,2023-07-26
379,Customer_379,Male,57,Delhi,2023-07-29
380,Customer_380,Other,19,Mumbai,2023-04-25
381,Customer_381,Female,62,Delhi,2024-10-07
382,Customer_382,Other,42,Hyderabad,2023-09-08
383,Customer_383,Male,56,Mumbai,2023-08-07
384,Customer_384,Female,26,Mumbai,2024-02-11
385,Customer_385,Other,39,Delhi,2024-03-18
386,Customer_386,Female,60,Ranchi,2024-08-25
387,Customer_387,Other,63,Mumbai,2023-12-20
388,Customer_388,Female,21,Delhi,2024-07-11
389,Customer_389,Male,43,Mumbai,2024-07-03
390,Customer_390,Male,46,Bangalore,2023-05-22
391,Customer_391,Female,62,Ranchi,2024-09-03
392,Customer_392,Other,51,Kolkata,2024-05-15
393,Customer_393,Male,40,Mumbai,2024-12-02
394,Customer_394,Male,54,Bangalore,2024-06-30
395,Customer_395,Male,28,Kolkata,2024-10-20
396,Customer_396,Female,23,Kolkata,2024-06-25
397,Customer_397,Female,35,Hyderabad,2024-05-21
398,Customer_398,Other,38,Mumbai,2024-08-18
399,Customer_399,Other,59,Delhi,2023-10-08
400,Customer_400,Other,53,Mumbai,2024-02-28
401,Customer_401,Female,58,Bangalore,2023-09-27
402,Customer_402,Female,55,Kolkata,2023-06-03
403,Customer_403,Other,51,Mumbai,2024-09-05
404,Customer_404,Other,34,Delhi,2024-12-27
405,Customer_405,Female,54,Hyderabad,2024-10-23
406,Customer_406,Other,42,Mumbai,2023-03-24
407,Customer_407,Male,55,Ranchi,2024-09-13
408,Customer_408,Female,29,Hyderabad,2024-03-01
409,Customer_409,Other,40,Delhi,2023-10-02
410,Customer_410,Female,59,Bangalore,2024-12-13
411,Customer_411,Male,39,Kolkata,2023-10-11
412,Customer_412,Female,38,Mumbai,2023-06-22
413,Customer_413,Female,44,Delhi,2023-11-23
414,Customer_414,Female,48,Hyderabad,2024-12-18
415,Customer_415,Female,23,Ranchi,2023-03-04
416,Customer_416,Male,44,Delhi,2023-03-14
417,Customer_417,Female,57,Patna,2024-09-27
418,Customer_418,Female,51,Ranchi,2024-01-10
419,Customer_419,Other,29,Hyderabad,2024-09-24
420,Customer_420,Female,62,Bangalore,2024-05-22
421,Customer_421,Other,24,Kolkata,2024-02-02
422,Customer_422,Male,27,Hyderabad,2023-04-30
423,Customer_423,Male,62,Bangalore,2024-03-12
424,Customer_424,Male,34,Mumbai,2024-11-06
425,Customer_425,Male,43,Delhi,2024-04-09
426,Customer_426,Other,38,Patna,2023-10-13
427,Customer_427,Female,45,Ranchi,2023-09-22
428,Customer_428,Male,63,Ranchi,2023-11-16
429,Customer_429,Female,19,Delhi,2024-11-03
430,Customer_430,Other,60,Patna,2024-01-11
431,Customer_431,Other,18,Delhi,2023-03-30
432,Customer_432,Other,53,Mumbai,2024-10-15
433,Customer_433,Male,43,Bangalore,2023-07-22
434,Customer_434,Female,46,Hyderabad,2023-11-30
435,Customer_435,Female,38,Ranchi,2023-08-10
436,Customer_436,Female,28,Mumbai,2023-02-10
437,Customer_437,Other,57,Bangalore,2024-12-08
438,Customer_438,Male,28,Mumbai,2023-03-09
439,Customer_439,Other,53,Patna,2024-05-28
440,Customer_440,Other,56,Ranchi,2024-09-28
441,Customer_441,Female,57,Hyderabad,2024-09-13
442,Customer_442,Other,52,Delhi,2024-08-20
443,Customer_443,Female,51,Delhi,2024-09-23
444,Customer_444,Male,64,Bangalore,2023-05-07
445,Customer_445,Female,41,Hyderabad,2023-09-12
446,Customer_446,Male,39,Kolkata,2024-11-25
447,Customer_447,Female,22,Patna,2023-01-16
448,Customer_448,Other,50,Bangalore,2024-04-21
449,Customer_449,Other,53,Kolkata,2023-03-03
450,Customer_450,Male,64,Mumbai,2024-03-07
451,Customer_451,Male,37,Patna,2024-10-31
452,Customer_452,Male,36,Mumbai,2023-09-25
453,Customer_453,Female,52,Hyderabad,2023-02-04
454,Customer_454,Female,60,Ranchi,2024-07-29
455,Customer_455,Male,34,Patna,2024-05-08
456,Customer_456,Other,62,Kolkata,2024-07-15
457,Customer_457,Female,60,Ranchi,2024-04-13
458,Customer_458,Female,51,Delhi,2024-10-22
459,Customer_459,Female,26,Kolkata,2023-11-21
460,Customer_460,Male,43,Bangalore,2023-10-31
461,Customer_461,Male,19,Delhi,2023-10-03
462,Customer_462,Male,26,Delhi,2024-11-14
463,Customer_463,Male,26,Bangalore,2023-07-20
464,Customer_464,Male,57,Patna,2024-03-20
465,Customer_465,Other,34,Delhi,2023-11-20
466,Customer_466,Other,18,Hyderabad,2023-02-04
467,Customer_467,Male,42,Kolkata,2024-04-26
468,Customer_468,Female,60,Ranchi,2024-12-28
469,Customer_469,Male,57,Delhi,2024-04-24
470,Customer_470,Other,59,Kolkata,2023-03-06
471,Customer_471,Other,42,Mumbai,2023-01-08
472,Customer_472,Female,56,Kolkata,2023-10-28
473,Customer_473,Other,52,Ranchi,2023-12-09
474,Customer_474,Male,20,Kolkata,2024-03-06
475,Customer_475,Female,54,Bangalore,2024-02-28
476,Customer_476,Male,61,Ranchi,2023-11-28
477,Customer_477,Male,61,Patna,2024-03-13
478,Customer_478,Female,47,Mumbai,2024-08-10
479,Customer_479,Male,55,Bangalore,2023-06-23
480,Customer_480,Other,51,Patna,2024-07-12
481,Customer_481,Male,29,Kolkata,2024-06-10
482,Customer_482,Female,36,Ranchi,2024-10-20
483,Customer_483,Female,54,Mumbai,2023-01-26
484,Customer_484,Female,61,Bangalore,2024-08-27
485,Customer_485,Male,34,Patna,2024-02-10
486,Customer_486,Female,27,Patna,2023-08-20
487,Customer_487,Female,64,Mumbai,2024-06-16
488,Customer_488,Male,29,Hyderabad,2024-07-03
489,Customer_489,Other,33,Kolkata,2024-05-19
490,Customer_490,Male,41,Mumbai,2024-10-30
491,Customer_491,Female,36,Patna,2023-06-28
492,Customer_492,Female,25,Delhi,2023-05-12
493,Customer_493,Male,48,Bangalore,2024-03-30
494,Customer_494,Other,38,Mumbai,2023-12-14
495,Customer_495,Female,34,Hyderabad,2024-06-23
496,Customer_496,Female,40,Patna,2024-02-10
497,Customer_497,Female,54,Kolkata,2023-03-17
498,Customer_498,Male,33,Patna,2024-08-01
499,Customer_499,Female,23,Kolkata,2024-05-06
500,Customer_500,Other,25,Mumbai,2023-07-13
501,Customer_501,Female,42,Kolkata,2023-06-11
502,Customer_502,Female,35,Ranchi,2023-12-13
503,Customer_503,Other,42,Ranchi,2023-12-27
504,Customer_504,Female,29,Ranchi,2024-08-06
505,Customer_505,Male,32,Hyderabad,2023-03-28
506,Customer_506,Male,43,Hyderabad,2023-09-19
507,Customer_507,Male,58,Delhi,2023-08-02
508,Customer_508,Other,62,Hyderabad,2024-10-26
509,Customer_509,Female,43,Mumbai,2024-12-22
510,Customer_510,Male,64,Patna,2024-07-26
511,Customer_511,Other,49,Patna,2023-09-19
512,Customer_512,Female,27,Delhi,2024-12-30
513,Customer_513,Other,33,Hyderabad,2023-10-10
514,Customer_514,Male,24,Kolkata,2024-10-09
515,Customer_515,Male,34,Delhi,2024-04-11
516,Customer_516,Male,40,Kolkata,2024-01-15
517,Customer_517,Other,43,Kolkata,2023-12-28
518,Customer_518,Other,38,Bangalore,2024-03-24
519,Customer_519,Male,39,Patna,2024-03-16
520,Customer_520,Other,24,Ranchi,2023-04-03
521,Customer_521,Male,31,Hyderabad,2024-09-12
522,Customer_522,Male,32,Kolkata,2024-02-28
523,Customer_523,Female,24,Bangalore,2023-05-22
524,Customer_524,Other,26,Patna,2023-10-18
525,Customer_525,Male,25,Ranchi,2024-03-07
526,Customer_526,Male,40,Kolkata,2024-11-19
527,Customer_527,Other,46,Kolkata,2024-10-14
528,Customer_528,Female,35,Delhi,2024-12-01
529,Customer_529,Female,48,Delhi,2023-02-18
530,Customer_530,Male,47,Patna,2023-10-29
531,Customer_531,Other,56,Ranchi,2023-07-09
532,Customer_532,Female,52,Kolkata,2023-05-16
533,Customer_533,Other,35,Patna,2024-07-08
534,Customer_534,Other,59,Patna,2024-02-08
535,Customer_535,Male,56,Mumbai,2024-08-24
536,Customer_536,Female,34,Hyderabad,2023-12-07
537,Customer_537,Male,31,Delhi,2024-12-04
538,Customer_538,Female,48,Ranchi,2023-11-14
539,Customer_539,Female,41,Kolkata,2024-09-09
540,Customer_540,Female,52,Patna,2023-12-29
541,Customer_541,Female,61,Kolkata,2024-01-17
542,Customer_542,Female,62,Mumbai,2023-08-21
543,Customer_543,Other,51,Ranchi,2023-12-10
544,Customer_544,Male,20,Patna,2024-07-02
545,Customer_545,Other,54,Kolkata,2024-07-06
546,Customer_546,Female,60,Delhi,2024-06-12
547,Customer_547,Male,57,Hyderabad,2024-07-24
548,Customer_548,Female,43,Mumbai,2023-07-02
549,Customer_549,Male,40,Ranchi,2023-02-10
550,Customer_550,Other,61,Mumbai,2024-07-04
551,Customer_551,Male,56,Delhi,2024-02-01
552,Customer_552,Male,32,Ranchi,2024-12-04
553,Customer_553,Male,21,Mumbai,2024-05-08
554,Customer_554,Male,46,Bangalore,2024-10-20
555,Customer_555,Male,39,Delhi,2023-11-29
556,Customer_556,Female,42,Delhi,2023-05-07
557,Customer_557,Male,30,Delhi,2024-07-11
558,Customer_558,Male,35,Bangalore,2024-07-10
559,Customer_559,Other,50,Bangalore,2023-01-01
560,Customer_560,Male,33,Kolkata,2023-06-17
561,Customer_561,Other,62,Patna,2024-09-11
562,Customer_562,Female,59,Hyderabad,2023-01-19
563,Customer_563,Male,61,Mumbai,2023-11-28
564,Customer_564,Other,19,Kolkata,2024-08-06
565,Customer_565,Other,52,Mumbai,2024-03-31
566,Customer_566,Female,59,Hyderabad,2023-04-19
567,Customer_567,Male,51,Patna,2023-09-25
568,Customer_568,Male,47,Bangalore,2024-03-20
569,Customer_569,Other,30,Patna,2023-08-28
570,Customer_570,Male,30,Bangalore,2023-10-28
571,Customer_571,Other,35,Hyderabad,2024-08-24
572,Customer_572,Male,49,Patna,2023-04-13
573,Customer_573,Other,49,Kolkata,2023-09-07
574,Customer_574,Male,52,Ranchi,2024-03-28
575,Customer_575,Female,56,Kolkata,2024-06-03
576,Customer_576,Male,63,Mumbai,2023-06-02
577,Customer_577,Male,46,Kolkata,2023-06-23
578,Customer_578,Female,46,Hyderabad,2023-12-09
579,Customer_579,Male,61,Delhi,2024-10-31
580,Customer_580,Female,33,Mumbai,2024-03-06
581,Customer_581,Male,61,Patna,2024-12-27
582,Customer_582,Other,64,Mumbai,2024-11-19
583,Customer_583,Other,27,Ranchi,2024-11-17
584,Customer_584,Male,47,Bangalore,2024-10-19
585,Customer_585,Male,42,Patna,2023-11-20
586,Customer_586,Male,56,Mumbai,2024-11-03
587,Customer_587,Other,37,Patna,2024-09-30
588,Customer_588,Male,22,Patna,2024-02-24
589,Customer_589,Other,18,Patna,2024-08-16
590,Customer_590,Female,47,Bangalore,2024-04-29
591,Customer_591,Other,20,Hyderabad,2024-10-20
592,Customer_592,Other,62,Kolkata,2024-02-16
593,Customer_593,Female,31,Patna,2023-03-25
594,Customer_594,Other,47,Delhi,2023-04-23
595,Customer_595,Male,21,Hyderabad,2023-11-28
596,Customer_596,Male,35,Ranchi,2024-01-13
597,Customer_597,Other,54,Bangalore,2024-10-16
598,Customer_598,Male,42,Mumbai,2023-02-10
599,Customer_599,Other,18,Bangalore,2023-04-15
600,Customer_600,Male,63,Mumbai,2023-07-21
601,Customer_601,Male,32,Bangalore,2024-03-25
602,Customer_602,Other,26,Mumbai,2023-09-23
603,Customer_603,Male,32,Patna,2023-07-29
604,Customer_604,Other,41,Kolkata,2024-07-16
605,Customer_605,Male,21,Mumbai,2023-04-28
606,Customer_606,Male,29,Mumbai,2024-12-13
607,Customer_607,Female,54,Delhi,2024-01-12
608,Customer_608,Female,54,Mumbai,2024-07-04
609,Customer_609,Other,60,Delhi,2024-06-23
610,Customer_610,Female,23,Ranchi,2023-03-25
611,Customer_611,Other,56,Patna,2024-03-29
612,Customer_612,Female,63,Delhi,2024-10-28
613,Customer_613,Male,41,Kolkata,2024-09-20
614,Customer_614,Other,28,Hyderabad,2024-05-28
615,Customer_615,Other,30,Patna,2024-08-27
616,Customer_616,Male,51,Delhi,2024-11-08
617,Customer_617,Other,42,Patna,2024-01-22
618,Customer_618,Other,24,Patna,2023-12-16
619,Customer_619,Female,21,Patna,2023-10-23
620,Customer_620,Other,25,Ranchi,2023-09-15
621,Customer_621,Male,37,Kolkata,2023-03-22
622,Customer_622,Female,46,Bangalore,2023-09-25
623,Customer_623,Female,62,Bangalore,2024-02-23
624,Customer_624,Male,63,Delhi,2023-08-23
625,Customer_625,Male,27,Patna,2023-11-07
626,Customer_626,Female,60,Delhi,2023-12-23
627,Customer_627,Other,51,Ranchi,2023-08-01
628,Customer_628,Female,43,Ranchi,2024-07-27
629,Customer_629,Male,58,Mumbai,2023-02-18
630,Customer_630,Female,20,Ranchi,2023-05-07
631,Customer_631,Male,23,Mumbai,2023-08-11
632,Customer_632,Female,22,Kolkata,2023-10-06
633,Customer_633,Other,22,Delhi,2024-02-12
634,Customer_634,Female,64,Hyderabad,2024-05-19
635,Customer_635,Female,40,Kolkata,2023-10-21
636,Customer_636,Male,26,Ranchi,2023-10-04
637,Customer_637,Male,52,Kolkata,2024-03-13
638,Customer_638,Male,37,Kolkata,2023-04-17
639,Customer_639,Female,59,Kolkata,2024-10-19
640,Customer_640,Other,52,Ranchi,2024-02-24
641,Customer_641,Male,35,Hyderabad,2024-09-02
642,Customer_642,Male,34,Patna,2024-03-04
643,Customer_643,Female,41,Kolkata,2024-01-10
644,Customer_644,Male,20,Mumbai,2023-03-14
645,Customer_645,Other,49,Ranchi,2024-09-25
646,Customer_646,Other,52,Kolkata,2023-01-30
647,Customer_647,Male,55,Hyderabad,2023-07-07
648,Customer_648,Male,30,Patna,2023-12-30
649,Customer_649,Female,64,Ranchi,2024-03-26
650,Customer_650,Other,42,Bangalore,2023-07-14
651,Customer_651,Other,26,Patna,2023-06-05
652,Customer_652,Male,21,Mumbai,2023-06-21
653,Customer_653,Female,31,Kolkata,2023-02-10
654,Customer_654,Other,54,Hyderabad,2023-03-04
655,Customer_655,Other,51,Bangalore,2023-01-23
656,Customer_656,Female,28,Hyderabad,2023-12-26
657,Customer_657,Female,58,Bangalore,2023-03-16
658,Customer_658,Other,20,Ranchi,2024-07-13
659,Customer_659,Other,45,Bangalore,2024-11-02
660,Customer_660,Female,46,Mumbai,2023-04-28
661,Customer_661,Other,26,Mumbai,2024-09-03
662,Customer_662,Male,20,Delhi,2024-01-15
663,Customer_663,Male,42,Mumbai,2024-11-09
664,Customer_664,Female,51,Patna,2023-10-17
665,Customer_665,Female,29,Bangalore,2024-03-15
666,Customer_666,Female,59,Mumbai,2024-10-29
667,Customer_667,Male,26,Ranchi,2023-01-07
668,Customer_668,Other,32,Hyderabad,2023-07-15
669,Customer_669,Male,57,Hyderabad,2024-02-25
670,Customer_670,Other,42,Delhi,2024-07-21
671,Customer_671,Male,22,Hyderabad,2023-07-12
672,Customer_672,Other,28,Bangalore,2024-07-12
673,Customer_673,Male,51,Delhi,2023-05-28
674,Customer_674,Female,41,Bangalore,2024-10-30
675,Customer_675,Male,32,Ranchi,2023-07-21
676,Customer_676,Other,55,Delhi,2024-03-19
677,Customer_677,Male,25,Kolkata,2024-02-23
678,Customer_678,Male,22,Patna,2024-03-02
679,Customer_679,Male,43,Patna,2024-04-23
680,Customer_680,Female,35,Bangalore,2024-04-19
681,Customer_681,Male,23,Hyderabad,2023-05-06
682,Customer_682,Female,54,Kolkata,2024-01-30
683,Customer_683,Female,30,Delhi,2024-07-29
684,Customer_684,Male,45,Kolkata,2023-11-21
685,Customer_685,Male,22,Kolkata,2024-01-27
686,Customer_686,Male,30,Hyderabad,2024-11-18
687,Customer_687,Other,34,Delhi,2024-09-19
688,Customer_688,Male,57,Ranchi,2024-03-15
689,Customer_689,Female,62,Hyderabad,2023-07-23
690,Customer_690,Male,49,Kolkata,2024-04-30
691,Customer_691,Other,46,Kolkata,2023-01-31
692,Customer_692,Male,20,Ranchi,2024-01-23
693,Customer_693,Other,57,Kolkata,2024-09-16
694,Customer_694,Other,51,Kolkata,2024-03-09
695,Customer_695,Male,57,Kolkata,2024-01-11
696,Customer_696,Female,44,Patna,2023-12-10
697,Customer_697,Other,30,Hyderabad,2024-03-18
698,Customer_698,Male,62,Mumbai,2024-08-01
699,Customer_699,Male,50,Hyderabad,2023-03-16
700,Customer_700,Female,23,Ranchi,2024-07-10
701,Customer_701,Other,41,Kolkata,2024-10-27
702,Customer_702,Other,36,Hyderabad,2023-06-04
703,Customer_703,Male,33,Patna,2024-03-05
704,Customer_704,Male,57,Ranchi,2023-12-29
705,Customer_705,Female,45,Bangalore,2024-03-23
706,Customer_706,Female,50,Hyderabad,2023-08-22
707,Customer_707,Other,58,Bangalore,2024-07-16
708,Customer_708,Other,30,Kolkata,2023-09-19
709,Customer_709,Male,60,Patna,2023-05-05
710,Customer_710,Other,62,Patna,2023-09-02
711,Customer_711,Female,42,Hyderabad,2024-06-25
712,Customer_712,Female,59,Ranchi,2024-04-29
713,Customer_713,Male,53,Ranchi,2023-05-02
714,Customer_714,Female,44,Patna,2023-05-05
715,Customer_715,Female,55,Ranchi,2024-07-02
716,Customer_716,Female,24,Patna,2023-06-19
717,Customer_717,Female,22,Hyderabad,2023-05-04
718,Customer_718,Male,60,Mumbai,2023-02-04
719,Customer_719,Male,62,Patna,2023-03-28
720,Customer_720,Other,48,Bangalore,2024-10-07
721,Customer_721,Female,40,Ranchi,2024-12-08
722,Customer_722,Other,59,Patna,2023-07-20
723,Customer_723,Male,27,Patna,2024-01-04
724,Customer_724,Male,49,Hyderabad,2023-03-18
725,Customer_725,Male,60,Ranchi,2023-02-28
726,Customer_726,Male,47,Mumbai,2024-03-06
727,Customer_727,Male,56,Hyderabad,2024-09-29
728,Customer_728,Male,48,Mumbai,2024-05-14
729,Customer_729,Male,35,Hyderabad,2023-04-19
730,Customer_730,Female,53,Ranchi,2023-10-05
731,Customer_731,Other,19,Delhi,2023-03-09
732,Customer_732,Male,31,Ranchi,2023-03-10
733,Customer_733,Female,30,Ranchi,2023-06-14
734,Customer_734,Female,46,Mumbai,2024-05-03
735,Customer_735,Other,29,Mumbai,2023-11-01
736,Customer_736,Male,56,Ranchi,2024-11-04
737,Customer_737,Other,19,Ranchi,2023-12-31
738,Customer_738,Male,49,Ranchi,2024-01-14
739,Customer_739,Female,30,Mumbai,2023-12-09
740,Customer_740,Female,63,Ranchi,2024-07-07
741,Customer_741,Female,44,Ranchi,2023-12-20
742,Customer_742,Female,58,Kolkata,2024-02-20
743,Customer_743,Other,34,Delhi,2023-04-19
744,Customer_744,Male,57,Bangalore,2024-07-16
745,Customer_745,Male,48,Delhi,2024-05-11
746,Customer_746,Other,51,Kolkata,2023-12-07
747,Customer_747,Male,41,Bangalore,2024-01-18
748,Customer_748,Female,62,Hyderabad,2024-06-16
749,Customer_749,Male,52,Ranchi,2023-10-27
750,Customer_750,Female,23,Kolkata,2023-05-19
751,Customer_751,Other,36,Hyderabad,2023-12-25
752,Customer_752,Male,47,Ranchi,2024-05-13
753,Customer_753,Other,24,Mumbai,2024-01-20
754,Customer_754,Male,27,Patna,2024-08-26
755,Customer_755,Female,58,Kolkata,2023-10-07
756,Customer_756,Other,49,Mumbai,2024-09-28
757,Customer_757,Male,51,Kolkata,2024-04-27
758,Customer_758,Female,45,Kolkata,2023-04-21
759,Customer_759,Other,32,Mumbai,2023-05-19
760,Customer_760,Other,47,Bangalore,2024-03-10
761,Customer_761,Male,54,Delhi,2024-05-23
762,Customer_762,Male,46,Ranchi,2023-09-30
763,Customer_763,Male,39,Kolkata,2023-04-09
764,Customer_764,Female,21,Ranchi,2023-04-14
765,Customer_765,Male,37,Patna,2023-08-02
766,Customer_766,Other,49,Mumbai,2024-10-25
767,Customer_767,Other,53,Ranchi,2023-06-14
768,Customer_768,Male,21,Mumbai,2024-06-03
769,Customer_769,Male,44,Ranchi,2023-10-11
770,Customer_770,Other,34,Delhi,2024-05-31
771,Customer_771,Female,29,Delhi,2024-10-18
772,Customer_772,Male,39,Delhi,2024-09-04
773,Customer_773,Male,34,Delhi,2023-06-13
774,Customer_774,Other,27,Delhi,2024-10-20
775,Customer_775,Male,18,Delhi,2023-03-05
776,Customer_776,Female,39,Mumbai,2023-04-01
777,Customer_777,Other,43,Kolkata,2023-04-27
778,Customer_778,Male,35,Ranchi,2023-09-24
779,Customer_779,Other,31,Delhi,2024-11-15
780,Customer_780,Male,64,Mumbai,2024-07-12
781,Customer_781,Male,46,Mumbai,2023-05-20
782,Customer_782,Male,29,Mumbai,2023-09-03
783,Customer_783,Female,53,Kolkata,2024-10-22
784,Customer_784,Female,52,Ranchi,2024-01-30
785,Customer_785,Other,29,Kolkata,2024-05-01
786,Customer_786,Male,24,Bangalore,2024-04-20
787,Customer_787,Male,46,Hyderabad,2024-05-31
788,Customer_788,Female,28,Mumbai,2023-07-03
789,Customer_789,Male,50,Bangalore,2023-01-20
790,Customer_790,Female,23,Patna,2024-07-11
791,Customer_791,Male,64,Delhi,2024-06-07
792,Customer_792,Other,32,Hyderabad,2024-08-04
793,Customer_793,Male,49,Delhi,2024-06-12
794,Customer_794,Male,28,Kolkata,2023-05-27
795,Customer_795,Female,40,Hyderabad,2024-10-27
796,Customer_796,Male,43,Ranchi,2023-10-31
797,Customer_797,Male,51,Bangalore,2024-09-11
798,Customer_798,Female,63,Ranchi,2024-08-04
799,Customer_799,Other,51,Kolkata,2024-11-25
800,Customer_800,Other,46,Delhi,2023-08-16
801,Customer_801,Female,21,Hyderabad,2023-04-12
802,Customer_802,Female,34,Ranchi,2024-08-09
803,Customer_803,Female,52,Ranchi,2024-02-21
804,Customer_804,Female,30,Delhi,2023-08-04
805,Customer_805,Female,58,Hyderabad,2024-02-11
806,Customer_806,Other,56,Bangalore,2024-02-03
807,Customer_807,Other,32,Delhi,2024-12-15
808,Customer_808,Female,46,Ranchi,2024-12-04
809,Customer_809,Male,46,Bangalore,2024-05-13
810,Customer_810,Female,28,Bangalore,2024-04-09
811,Customer_811,Male,49,Delhi,2024-11-21
812,Customer_812,Female,19,Ranchi,2024-12-31
813,Customer_813,Female,64,Kolkata,2023-03-23
814,Customer_814,Other,31,Ranchi,2024-08-26
815,Customer_815,Male,37,Mumbai,2024-11-17
816,Customer_816,Male,39,Hyderabad,2023-12-31
817,Customer_817,Other,28,Patna,2023-06-12
818,Customer_818,Other,44,Kolkata,2023-02-17
819,Customer_819,Other,20,Bangalore,2024-05-25
820,Customer_820,Other,34,Kolkata,2023-11-25
821,Customer_821,Male,61,Hyderabad,2023-04-26
822,Customer_822,Male,45,Bangalore,2023-12-03
823,Customer_823,Female,46,Hyderabad,2023-05-27
824,Customer_824,Female,38,Bangalore,2024-07-28
825,Customer_825,Other,64,Kolkata,2023-11-19
826,Customer_826,Other,33,Bangalore,2024-03-18
827,Customer_827,Other,54,Bangalore,2023-01-13
828,Customer_828,Female,37,Mumbai,2024-05-08
829,Customer_829,Female,23,Ranchi,2024-12-01
830,Customer_830,Female,36,Ranchi,2023-10-14
831,Customer_831,Female,22,Patna,2024-12-20
832,Customer_832,Female,20,Patna,2023-04-24
833,Customer_833,Female,18,Mumbai,2024-04-24
834,Customer_834,Female,55,Patna,2023-01-22
835,Customer_835,Other,32,Hyderabad,2023-12-15
836,Customer_836,Other,51,Kolkata,2024-12-26
837,Customer_837,Other,52,Delhi,2024-11-13
838,Customer_838,Other,42,Hyderabad,2024-07-19
839,Customer_839,Female,41,Delhi,2023-11-16
840,Customer_840,Male,29,Delhi,2023-05-06
841,Customer_841,Female,35,Mumbai,2023-10-04
842,Customer_842,Male,32,Hyderabad,2023-07-23
843,Customer_843,Other,61,Mumbai,2023-07-13
844,Customer_844,Female,33,Bangalore,2024-11-11
845,Customer_845,Other,44,Delhi,2024-10-25
846,Customer_846,Female,25,Kolkata,2024-06-30
847,Customer_847,Other,63,Patna,2024-11-26
848,Customer_848,Male,42,Kolkata,2023-10-13
849,Customer_849,Male,34,Patna,2023-02-26
850,Customer_850,Male,46,Delhi,2023-10-30
851,Customer_851,Female,25,Delhi,2023-06-12
852,Customer_852,Male,32,Delhi,2023-01-19
853,Customer_853,Female,44,Mumbai,2024-01-05
854,Customer_854,Male,63,Hyderabad,2023-09-21
855,Customer_855,Male,24,Patna,2023-04-23
856,Customer_856,Female,20,Hyderabad,2024-05-02
857,Customer_857,Female,46,Mumbai,2023-11-23
858,Customer_858,Male,61,Mumbai,2024-06-25
859,Customer_859,Female,41,Ranchi,2024-10-08
860,Customer_860,Male,20,Kolkata,2024-08-01
861,Customer_861,Female,37,Kolkata,2023-03-06
862,Customer_862,Other,63,Bangalore,2023-10-19
863,Customer_863,Other,32,Mumbai,2023-01-25
864,Customer_864,Other,42,Patna,2024-07-02
865,Customer_865,Other,47,Ranchi,2023-01-01
866,Customer_866,Other,31,Ranchi,2024-07-02
867,Customer_867,Male,24,Hyderabad,2023-05-21
868,Customer_868,Other,34,Kolkata,2024-10-09
869,Customer_869,Other,61,Mumbai,2023-07-07
870,Customer_870,Other,37,Bangalore,2023-05-08
871,Customer_871,Other,53,Mumbai,2023-07-20
872,Customer_872,Female,26,Hyderabad,2023-05-07
873,Customer_873,Male,55,Delhi,2023-09-14
874,Customer_874,Other,39,Mumbai,2024-11-06
875,Customer_875,Other,19,Hyderabad,2024-06-30
876,Customer_876,Other,41,Delhi,2023-07-13
877,Customer_877,Male,25,Delhi,2024-12-03
878,Customer_878,Female,28,Bangalore,2023-04-14
879,Customer_879,Male,30,Patna,2024-06-18
880,Customer_880,Female,34,Kolkata,2023-09-22
881,Customer_881,Other,25,Mumbai,2024-01-19
882,Customer_882,Other,38,Delhi,2023-09-17
883,Customer_883,Male,35,Mumbai,2024-02-18
884,Customer_884,Male,47,Patna,2023-12-24
885,Customer_885,Female,35,Kolkata,2023-03-16
886,Customer_886,Female,63,Patna,2023-12-21
887,Customer_887,Male,64,Kolkata,2024-08-06
888,Customer_888,Female,48,Ranchi,2023-07-07
889,Customer_889,Male,55,Kolkata,2024-11-15
890,Customer_890,Female,49,Bangalore,2023-10-17
891,Customer_891,Male,28,Patna,2023-02-14
892,Customer_892,Male,62,Delhi,2024-07-26
893,Customer_893,Male,42,Ranchi,2023-03-24
894,Customer_894,Female,50,Bangalore,2023-05-03
895,Customer_895,Female,55,Mumbai,2023-12-24
896,Customer_896,Female,58,Patna,2024-06-11
897,Customer_897,Male,25,Hyderabad,2023-03-07
898,Customer_898,Female,28,Hyderabad,2024-10-18
899,Customer_899,Female,39,Delhi,2024-01-10
900,Customer_900,Male,41,Kolkata,2023-06-11
901,Customer_901,Other,58,Delhi,2024-01-15
902,Customer_902,Male,34,Hyderabad,2024-10-17
903,Customer_903,Female,29,Mumbai,2023-12-24
904,Customer_904,Male,63,Ranchi,2023-07-07
905,Customer_905,Other,49,Ranchi,2023-11-18
906,Customer_906,Male,32,Patna,2024-03-25
907,Customer_907,Female,33,Ranchi,2024-04-18
908,Customer_908,Other,39,Patna,2023-01-13
909,Customer_909,Female,45,Patna,2023-07-03
910,Customer_910,Other,37,Patna,2023-04-21
911,Customer_911,Other,50,Hyderabad,2024-05-22
912,Customer_912,Male,27,Hyderabad,2023-10-17
913,Customer_913,Male,57,Kolkata,2023-10-22
914,Customer_914,Female,49,Bangalore,2024-03-26
915,Customer_915,Male,50,Patna,2023-08-03
916,Customer_916,Male,19,Patna,2024-09-23
917,Customer_917,Other,50,Bangalore,2024-07-20
918,Customer_918,Male,50,Delhi,2023-01-27
919,Customer_919,Other,58,Patna,2024-09-21
920,Customer_920,Other,30,Kolkata,2023-08-19
921,Customer_921,Other,47,Ranchi,2024-07-18
922,Customer_922,Female,50,Ranchi,2023-11-17
923,Customer_923,Female,30,Mumbai,2023-08-21
924,Customer_924,Female,43,Mumbai,2024-10-31
925,Customer_925,Other,39,Ranchi,2024-03-12
926,Customer_926,Female,56,Ranchi,2024-06-16
927,Customer_927,Female,19,Hyderabad,2024-02-07
928,Customer_928,Male,55,Kolkata,2023-02-22
929,Customer_929,Female,56,Bangalore,2023-11-09
930,Customer_930,Female,43,Mumbai,2023-10-08
931,Customer_931,Other,63,Hyderabad,2024-12-26
932,Customer_932,Other,32,Hyderabad,2023-01-31
933,Customer_933,Other,51,Bangalore,2023-12-03
934,Customer_934,Other,59,Hyderabad,2023-07-02
935,Customer_935,Other,61,Kolkata,2023-01-23
936,Customer_936,Other,57,Ranchi,2024-06-27
937,Customer_937,Female,28,Patna,2024-03-21
938,Customer_938,Other,20,Bangalore,2023-03-15
939,Customer_939,Other,23,Ranchi,2023-01-10
940,Customer_940,Male,26,Ranchi,2024-04-28
941,Customer_941,Female,23,Delhi,2024-03-31
942,Customer_942,Female,26,Bangalore,2024-07-19
943,Customer_943,Female,56,Hyderabad,2024-07-17
944,Customer_944,Other,48,Patna,2024-10-21
945,Customer_945,Other,49,Bangalore,2023-06-09
946,Customer_946,Other,58,Hyderabad,2023-01-14
947,Customer_947,Male,29,Ranchi,2023-06-27
948,Customer_948,Other,25,Patna,2024-02-16
949,Customer_949,Male,25,Hyderabad,2023-02-22
950,Customer_950,Female,45,Kolkata,2024-02-12
951,Customer_951,Other,37,Hyderabad,2023-01-22
952,Customer_952,Male,64,Delhi,2023-01-30
953,Customer_953,Male,24,Ranchi,2024-12-03
954,Customer_954,Other,28,Hyderabad,2023-09-17
955,Customer_955,Female,37,Mumbai,2023-07-24
956,Customer_956,Female,33,Mumbai,2023-02-28
957,Customer_957,Female,21,Delhi,2024-04-15
958,Customer_958,Male,23,Kolkata,2024-04-10
959,Customer_959,Male,39,Ranchi,2023-01-12
960,Customer_960,Male,43,Bangalore,2024-09-22
961,Customer_961,Male,20,Delhi,2023-10-17
962,Customer_962,Female,58,Kolkata,2023-12-20
963,Customer_963,Other,59,Bangalore,2024-09-30
964,Customer_964,Male,31,Mumbai,2023-03-16
965,Customer_965,Male,28,Mumbai,2024-12-16
966,Customer_966,Female,35,Bangalore,2024-07-14
967,Customer_967,Other,29,Delhi,2024-08-13
968,Customer_968,Other,40,Mumbai,2024-03-16
969,Customer_969,Female,29,Ranchi,2023-08-29
970,Customer_970,Female,30,Patna,2023-06-03
971,Customer_971,Other,42,Hyderabad,2023-04-06
972,Customer_972,Male,62,Bangalore,2024-12-26
973,Customer_973,Other,36,Bangalore,2023-10-21
974,Customer_974,Female,63,Mumbai,2023-07-28
975,Customer_975,Male,53,Delhi,2023-12-09
976,Customer_976,Male,62,Ranchi,2023-03-29
977,Customer_977,Female,25,Delhi,2024-01-25
978,Customer_978,Female,46,Kolkata,2023-11-21
979,Customer_979,Female,49,Kolkata,2023-06-06
980,Customer_980,Other,61,Patna,2024-10-29
981,Customer_981,Other,35,Mumbai,2024-10-12
982,Customer_982,Male,23,Mumbai,2024-09-24
983,Customer_983,Female,35,Mumbai,2024-07-30
984,Customer_984,Male,36,Patna,2024-09-10
985,Customer_985,Male,39,Kolkata,2024-10-20
986,Customer_986,Male,54,Delhi,2023-05-17
987,Customer_987,Male,49,Patna,2024-11-04
988,Customer_988,Female,58,Patna,2024-03-03
989,Customer_989,Male,20,Delhi,2024-03-27
990,Customer_990,Female,45,Mumbai,2024-09-03
991,Customer_991,Female,27,Ranchi,2023-05-21
992,Customer_992,Other,52,Delhi,2023-03-24
993,Customer_993,Female,46,Kolkata,2023-06-26
994,Customer_994,Other,32,Bangalore,2023-07-17
995,Customer_995,Female,50,Bangalore,2024-09-15
996,Customer_996,Female,24,Hyderabad,2024-07-21
997,Customer_997,Female,29,Hyderabad,2024-11-21
998,Customer_998,Other,47,Patna,2024-02-25
999,Customer_999,Other,38,Bangalore,2024-02-05
1000,Customer_1000,Male,48,Ranchi,2024-11-28
