product_id,product_name,category,price
1,Product_1,Clothing,4299.93
2,Product_2,Sports,2919.24
3,Product_3,Electronics,474.29
4,Product_4,Home,1974.64
5,Product_5,Books,1901.89
6,Product_6,Electronics,990.52
7,Product_7,Clothing,2233.99
8,Product_8,Sports,1727.29
9,Product_9,Sports,1774.84
10,Product_10,Books,3721.23
11,Product_11,Sports,1193.99
12,Product_12,Sports,3245.11
13,Product_13,Electronics,2896.18
14,Product_14,Home,2883.65
15,Product_15,Books,3348.74
16,Product_16,Electronics,2787.07
17,Product_17,Home,4408.35
18,Product_18,Electronics,3410.34
19,Product_19,Electronics,2780.12
20,Product_20,Sports,4165.84
21,Product_21,Home,3070.12
22,Product_22,Books,1526.61
23,Product_23,Books,1114.77
24,Product_24,Home,846.41
25,Product_25,Sports,4507.33
26,Product_26,Clothing,3579.66
27,Product_27,Electronics,4693.15
28,Product_28,Sports,3056.13
29,Product_29,Home,2419.66
30,Product_30,Electronics,392.61
31,Product_31,Books,3391.05
32,Product_32,Clothing,2952.82
33,Product_33,Books,4952.02
34,Product_34,Home,1271.88
35,Product_35,Electronics,2700.61
36,Product_36,Home,3289.69
37,Product_37,Electronics,3258.5
38,Product_38,Sports,2850.34
39,Product_39,Clothing,3906.95
40,Product_40,Sports,1104.41
41,Product_41,Sports,3655.57
42,Product_42,Home,3136.7
43,Product_43,Clothing,4490.77
44,Product_44,Electronics,4251.25
45,Product_45,Electronics,1644.22
46,Product_46,Books,1453.56
47,Product_47,Electronics,4910.1
48,Product_48,Home,2683.6
49,Product_49,Sports,4541.46
50,Product_50,Sports,903.02
51,Product_51,Sports,3249.81
52,Product_52,Clothing,4068.31
53,Product_53,Electronics,4742.24
54,Product_54,Home,1752.97
55,Product_55,Clothing,3652.41
56,Product_56,Books,2740.18
57,Product_57,Home,397.08
58,Product_58,Home,3481.0
59,Product_59,Home,3481.47
60,Product_60,Sports,4659.97
61,Product_61,Home,2536.83
62,Product_62,Electronics,1228.23
63,Product_63,Home,318.36
64,Product_64,Sports,2136.65
65,Product_65,Home,1579.39
66,Product_66,Books,3829.33
67,Product_67,Books,1835.91
68,Product_68,Sports,4750.45
69,Product_69,Electronics,4815.32
70,Product_70,Electronics,3142.45
71,Product_71,Clothing,4650.44
72,Product_72,Sports,3828.19
73,Product_73,Home,2779.61
74,Product_74,Sports,983.51
75,Product_75,Clothing,2347.13
76,Product_76,Sports,2848.28
77,Product_77,Sports,4333.41
78,Product_78,Clothing,2458.53
79,Product_79,Electronics,4498.61
80,Product_80,Home,3404.31
81,Product_81,Clothing,771.3
82,Product_82,Books,4975.41
83,Product_83,Electronics,2683.44
84,Product_84,Books,2020.11
85,Product_85,Electronics,3329.66
86,Product_86,Home,633.58
87,Product_87,Home,3219.04
88,Product_88,Sports,2541.36
89,Product_89,Books,2092.7
90,Product_90,Electronics,4769.8
91,Product_91,Home,2660.44
92,Product_92,Clothing,1173.68
93,Product_93,Home,2348.92
94,Product_94,Clothing,4605.0
95,Product_95,Electronics,962.87
96,Product_96,Home,1148.39
97,Product_97,Home,163.84
98,Product_98,Electronics,169.53
99,Product_99,Home,4164.02
100,Product_100,Clothing,3687.4
